Loan_Amount,Interest_Rate,Tenure_Months,Credit_Score,Income,Employment_Type,Debt_to_Income_Ratio,Collateral_Value,Late_Payments,Missed_EMI_Count,Default,Risk_Score,Prob_Default
171958,12.67,36,878,191020,Contractual,0.93,798385,0,1,No,-0.29377051268628074,0.42708103474261677
721155,15.23,36,364,80133,Salaried,0.6,630698,0,1,Yes,6.930676094742491,0.9990236143899619
181932,17.34,24,387,129444,Self-Employed,1.03,1698019,3,1,Yes,5.018646426253824,0.9934299781821745
1464414,16.2,24,324,132603,Self-Employed,0.23,1203183,2,1,Yes,8.115078889617882,0.9997010929317365
309178,8.97,48,848,173598,Salaried,0.38,1779472,0,1,No,0.35879993433104074,0.5887499009908791
1742743,11.41,24,300,143585,Self-Employed,1.01,1516831,2,0,Yes,8.994375010156586,0.9998759094613511
160268,7.55,48,848,198270,Salaried,0.52,1301288,2,0,No,0.24133295506128005,0.5600421088955355
782180,17.45,60,440,58395,Salaried,1.18,1916037,2,1,Yes,7.936225318948541,0.9996425742138705
1153462,13.27,24,487,170103,Self-Employed,0.61,1052631,2,0,Yes,5.202455303551378,0.9945270814734523
187337,8.74,48,272,140814,Salaried,0.97,300314,3,0,Yes,6.438782521624271,0.9984041991956925
1049890,14.06,36,500,183773,Unemployed,0.54,1042835,1,0,Yes,4.458224927854835,0.9885497219460692
1620006,13.42,84,426,127599,Salaried,0.57,229016,2,2,Yes,8.358488052414204,0.9997656564655841
1186074,10.3,36,369,40939,Salaried,0.52,1811521,2,3,Yes,14.451188198702134,0.9999994704237765
1997735,7.36,60,574,195217,Salaried,0.89,1934984,3,1,Yes,6.572688744661923,0.9986039183694178
962756,14.06,48,493,166396,Salaried,0.7,1338971,2,1,Yes,5.214113039576272,0.9945901697083149
225203,12.24,12,276,168939,Salaried,1.14,1970612,4,2,Yes,7.1759129863441835,0.9992357972933907
1289911,15.27,48,834,15203,Self-Employed,0.38,660284,2,2,Yes,25.693245971189892,0.9999999999930567
328167,12.24,84,564,162616,Self-Employed,0.21,1096613,1,0,Yes,2.7294145963496828,0.938740180986224
91090,16.23,48,683,161971,Self-Employed,0.53,92115,1,2,No,1.698215387322422,0.8453015104897309
379365,12.62,60,559,44063,Salaried,0.78,1912934,0,1,Yes,5.153214662339529,0.99425243394869
1163396,12.73,72,713,105880,Self-Employed,1.05,1520608,2,0,No,4.425528585820426,0.9881736527717261
837201,16.52,24,412,18748,Self-Employed,0.48,482870,4,0,Yes,17.391978308797384,0.9999999720256646
1420455,10.84,24,374,132269,Self-Employed,0.82,1118976,1,0,Yes,7.606407966593331,0.9995029923292159
1816891,7.61,48,654,95764,Salaried,0.49,1672389,0,1,Yes,7.613609992620748,0.9995065571726801
377069,6.35,36,883,166956,Self-Employed,0.78,363308,2,2,No,1.3303813100457607,0.7909037009445957
1875573,15.06,60,487,171255,Self-Employed,1.07,1272033,0,0,Yes,6.088579399141631,0.9977365055864076
1297617,13.44,72,589,123036,Salaried,0.35,1797038,0,0,Yes,4.793993465327222,0.9917886563420073
841743,14.45,36,218,165331,Self-Employed,0.54,141774,3,1,Yes,7.8592111390684956,0.9996139706838904
153355,8.56,24,872,182031,Salaried,1.19,893164,2,0,No,0.1954065845927343,0.5486967925578118
1334372,7.64,60,296,131525,Salaried,1.06,15385,3,2,Yes,9.77094937591079,0.9999429171285217
1312752,6.17,36,422,179529,Salaried,0.72,1844344,1,1,Yes,6.847493410535345,0.9989390122461875
234779,10.21,60,657,100679,Salaried,0.67,1900429,1,2,No,3.046753472256711,0.9546421575233361
1446025,13.08,36,827,140829,Salaried,0.41,948729,2,1,No,3.1843847218967687,0.96024239950756
1520485,10.71,48,230,143216,Self-Employed,0.67,1608885,4,0,Yes,9.560517735448553,0.9999295486522546
1039436,11.25,12,483,148175,Salaried,1.03,1969862,3,1,Yes,6.248976463640965,0.998071296049608
1357371,16.85,48,461,80901,Self-Employed,0.85,508670,1,0,Yes,8.059285330218414,0.999683947251578
536232,10.18,36,508,190607,Contractual,0.42,117369,4,0,Yes,4.383652459423491,0.9876741293875151
967040,12.17,48,657,162175,Salaried,0.32,744990,1,1,No,3.4327157134782387,0.968711484646069
1598762,15.4,24,304,113046,Contractual,0.39,1621975,3,1,Yes,9.575440404790971,0.9999305920966008
206730,10.76,60,621,105012,Unemployed,0.29,89402,1,0,No,2.299922980230831,0.9088706600403315
1969486,13.47,72,534,93278,Self-Employed,0.21,644062,1,3,Yes,9.855746017281675,0.9999475577744943
1483257,16.35,24,773,27391,Self-Employed,0.56,253724,2,0,Yes,16.27687621846592,0.9999999146816518
1248079,17.39,12,199,117476,Unemployed,0.22,739945,3,2,Yes,9.736069024027604,0.9999408910457412
704811,7.76,12,483,174973,Self-Employed,0.29,1877727,1,1,Yes,4.947767205987971,0.9929508015763323
577035,17.12,48,306,135721,Salaried,0.7,1276176,3,5,Yes,8.168821282876882,0.999716728454193
698143,11.91,48,807,112537,Self-Employed,0.28,704397,2,1,No,2.2106025707100776,0.9011975929861155
1550942,9.1,48,589,96159,Self-Employed,0.17,1521895,2,1,Yes,7.558346353435456,0.9994785347678481
115725,11.51,24,594,146040,Salaried,0.45,1698559,2,1,Yes,2.8185592988222403,0.9436705327879872
1228557,17.76,36,750,196429,Salaried,0.34,134585,0,2,No,2.3323375061727134,0.9115200409881586
134654,11.91,48,410,184509,Self-Employed,0.67,770543,5,1,Yes,5.294438913548933,0.995005638925751
1003277,9.95,36,866,50503,Salaried,0.21,668695,2,1,No,5.854540677451505,0.9971413432376098
641723,13.6,84,326,90403,Contractual,0.93,1748076,2,1,Yes,7.40820772172015,0.9993941110226198
369030,8.88,24,530,187330,Salaried,1.1,1152702,0,0,Yes,3.49098382533497,0.9704301402340242
1427523,6.91,48,605,179796,Salaried,0.92,1784309,4,1,Yes,5.824071158423992,0.9970531614094464
605839,7.55,36,620,79286,Salaried,0.69,1650522,1,1,No,4.839188856376493,0.9921486609294038
323538,7.54,36,532,89842,Salaried,1.05,1214488,1,1,Yes,4.652023292743557,0.9905479187947811
381236,7.82,60,574,119927,Self-Employed,0.86,1047738,5,0,Yes,4.4060034826741825,0.9879432844825127
578178,7.67,48,832,29908,Contractual,0.11,1866015,0,0,No,5.384398667023316,0.995433351779976
615894,13.69,84,702,196698,Self-Employed,0.53,1679697,2,1,No,2.2905163296017244,0.9080885539459518
539492,8.18,24,352,52228,Salaried,1.04,1167213,1,2,Yes,8.813199841719639,0.9998512656288789
1355416,10.15,24,397,38386,Salaried,0.48,907153,3,0,Yes,15.06921621598152,0.9999997145550088
523254,16.76,60,580,192826,Self-Employed,0.14,617508,2,0,Yes,2.5734154591877303,0.9291309223572347
399457,11.69,48,245,43302,Contractual,0.92,1074969,5,0,Yes,9.211305967391805,0.9999001064926476
715987,14.01,36,452,75815,Salaried,0.98,1630344,3,0,Yes,6.637660983974147,0.998691626105247
1369512,8.07,12,482,78344,Salaried,0.28,903675,2,0,Yes,8.763725467170428,0.99984372319877
1338507,8.31,12,322,181690,Salaried,0.69,1923298,2,1,Yes,7.873594666740052,0.9996194813083096
1338205,6.49,72,843,126603,Contractual,0.31,1528127,1,1,No,3.424193419587214,0.9684521434349815
1303617,8.03,24,745,76114,Self-Employed,0.89,1939271,0,2,Yes,6.674982688248329,0.9987394964398072
748361,9.34,36,373,40525,Salaried,0.4,1713043,1,0,Yes,9.891661731441497,0.9999494077585758
1830488,8.12,24,241,94818,Salaried,0.45,521397,3,0,Yes,11.984917209812481,0.999993762452286
1515689,7.06,36,783,129589,Contractual,1.03,792425,1,0,No,4.202503836488179,0.9852623693053745
118148,7.45,12,755,160406,Salaried,0.62,1013845,1,0,No,0.9981334634199053,0.7306914370305506
1875665,11.53,48,865,109715,Salaried,0.84,1142226,0,1,No,4.753904760819701,0.9914556566912183
698531,8.48,12,863,21644,Salaried,0.54,1807261,2,0,Yes,9.461429988295448,0.9999222107865144
1350571,10.37,60,340,116154,Salaried,0.43,1566772,3,2,Yes,9.296058448266956,0.9999082231278414
956606,12.04,24,201,179005,Salaried,0.79,904027,4,1,Yes,8.605872163719823,0.9998170056307706
728843,14.28,48,477,58469,Self-Employed,0.27,52066,2,0,Yes,6.787638098821599,0.9988736411353145
622843,6.47,72,547,179759,Contractual,0.51,373994,3,1,Yes,4.73429672598683,0.9912879395813544
306508,15.59,48,236,121609,Self-Employed,0.33,1877950,3,1,Yes,6.728964869650547,0.9988056580627241
853591,13.53,48,707,198728,Contractual,0.87,1064714,2,1,No,2.739081880761644,0.9392937657288428
946942,6.98,36,197,163447,Salaried,1.14,118558,3,1,Yes,9.14240500182526,0.9998929818407957
156530,16.48,36,329,80206,Self-Employed,1.2,258480,0,0,Yes,4.902146555951758,0.9926241910942448
654365,17.05,48,559,111462,Salaried,0.6,437743,2,2,Yes,4.690390222676787,0.9909004600016428
1920928,6.73,84,504,182679,Self-Employed,0.38,1319910,2,0,Yes,6.60576243301091,0.9986492753742047
510337,9.32,48,237,98178,Unemployed,0.59,1927267,4,0,Yes,7.948757033143881,0.9996470238516062
1823415,15.67,48,770,170065,Salaried,1.03,1126998,2,1,No,3.9227279814580696,0.9805968878361598
855889,14.98,60,765,190458,Salaried,0.33,1759634,2,2,No,2.2818205903663795,0.907360195007707
1558349,8.21,36,311,192359,Salaried,1.15,1655179,2,1,Yes,8.39620934901235,0.9997743296032935
258261,8.51,12,589,101724,Salaried,0.48,1011214,2,1,Yes,3.65448545082773,0.9747778113667601
1863045,10.45,48,653,111393,Salaried,1.18,29086,1,2,Yes,7.588658789151922,0.9994940966023114
1439673,11.81,84,374,142314,Self-Employed,1.02,1983402,2,1,Yes,8.018685139901907,0.9996708557121246
1413715,13.42,24,548,91312,Unemployed,0.99,125604,3,2,Yes,8.342340970153613,0.9997618426946618
1270405,10.43,48,890,90324,Salaried,0.45,1935822,1,0,No,3.3303264912979933,0.9654546604930575
321836,11.55,24,575,86196,Salaried,0.11,1167900,3,0,Yes,3.551630864541278,0.9721216585510212
1537550,14.97,48,404,85014,Salaried,0.52,476785,3,1,Yes,9.846253405321477,0.9999470576170081
1039913,6.44,12,453,154282,Contractual,0.43,740970,1,1,Yes,6.227435069115862,0.9980293811179082
252283,9.03,36,395,156994,Salaried,0.14,1439641,1,1,Yes,4.935587850491102,0.9928650382417995
246769,14.56,60,368,182361,Salaried,0.66,3435,4,0,Yes,5.076623532443889,0.9937977619993846
611353,16.74,36,508,48340,Salaried,0.54,1936513,2,1,Yes,6.835081505999174,0.9989257755373532
1321741,12.14,48,642,54850,Salaried,0.8,1888339,1,0,Yes,8.817545730780916,0.9998519105139186
1722163,12.39,60,387,128711,Salaried,0.78,1208590,1,0,Yes,8.12352288848661,0.9997036055314678
1096797,7.29,72,689,26094,Contractual,0.23,714995,0,0,Yes,13.704260864566566,0.9999988823273014
1000110,11.37,24,624,102959,Salaried,1.17,1470851,2,2,No,5.894601729814781,0.99725329211406
1634398,12.39,36,299,179490,Self-Employed,0.31,712917,3,2,Yes,8.73323658699649,0.9998388858944817
537879,8.91,24,876,20741,Salaried,0.59,375601,2,2,Yes,8.213438286485706,0.9997290860288628
614685,9.23,84,436,126585,Self-Employed,0.64,838821,1,0,Yes,5.2836054627325515,0.9949515132604487
832038,10.53,72,727,137564,Self-Employed,0.99,839446,1,0,No,2.7630110639411476,0.940643973647789
1452107,6.24,48,504,83798,Salaried,0.21,1474618,4,0,Yes,9.022597818563689,0.9998793622692012
1361736,9.86,60,440,131026,Salaried,0.57,292441,1,1,Yes,7.224193910623337,0.9992717909431239
1057293,8.54,48,382,125130,Salaried,0.79,568178,1,2,Yes,7.819200271717414,0.9995982184937758
629879,9.93,48,317,37164,Self-Employed,0.34,283466,3,1,Yes,10.723089925734582,0.9999779701444874
1319460,7.44,12,497,181667,Salaried,0.79,560027,1,0,Yes,5.604920772622436,0.9963337785725822
73247,16.69,60,867,45257,Unemployed,1.12,1451511,1,1,No,-0.027292974935737402,0.4931771797910568
1122876,13.12,24,516,160283,Salaried,1.2,603841,3,0,Yes,5.428341828723779,0.9956288213353117
1565857,14.15,60,700,110989,Self-Employed,0.14,8314,2,2,No,5.809298712785352,0.9970094374217917
657086,15.47,60,770,151304,Self-Employed,0.36,618119,2,2,No,2.1576792594159215,0.8963841973579258
583556,11.98,60,517,67691,Self-Employed,0.44,1910172,2,0,Yes,5.49393071949496,0.9959051858215806
1447527,7.04,12,474,94768,Salaried,0.54,1418378,2,1,Yes,8.771661756429737,0.9998449583566094
1372905,12.45,36,254,171685,Salaried,0.37,1912036,3,0,Yes,8.069495252934152,0.9996871567041958
1817640,13.04,36,343,29026,Self-Employed,0.32,822545,3,2,Yes,24.29766283102506,0.9999999999719678
792139,14.95,36,207,199607,Salaried,1.15,641462,5,0,Yes,7.834714593342584,0.9996044013102592
482315,11.18,12,400,45908,Salaried,1.11,146429,1,0,Yes,7.3641696145915025,0.9993668498532327
976075,7.53,72,589,198185,Salaried,0.15,229937,3,1,Yes,4.520021003103162,0.9892284937553224
566588,9.41,48,822,34610,Salaried,0.47,544653,1,2,No,5.59502663006838,0.9962974593842099
1335160,10.36,36,465,192718,Salaried,0.55,301173,0,3,Yes,6.485081760223055,0.9984762892449515
1660908,13.75,36,534,78185,Salaried,0.36,1312457,2,3,Yes,10.131158928609494,0.9999601822890978
1936222,12.85,36,616,87567,Salaried,0.79,393186,3,1,Yes,9.21856280904907,0.9999008287084503
1028732,10.27,48,592,193646,Self-Employed,0.8,1778568,1,0,Yes,3.8378974950855342,0.9789153006630601
1475472,17.84,48,250,51182,Self-Employed,1.04,1658338,4,1,Yes,14.777717530902793,0.9999996179513625
98984,13.27,72,801,131136,Self-Employed,0.91,340362,1,1,No,0.5746124938994632,0.639826801390923
352918,8.85,36,603,146642,Unemployed,0.7,779966,0,2,No,3.5344991544032407,0.9716535953189541
314712,7.22,84,839,34288,Salaried,0.82,1207147,2,0,No,2.989879763571318,0.9521148286069583
1218727,7.83,72,852,93824,Salaried,0.4,765387,0,1,No,3.784350486016371,0.9777812725671244
1554384,8.95,24,418,175949,Salaried,0.75,241474,4,3,Yes,8.5244528291342,0.9998014860856386
183767,7.93,72,602,99425,Salaried,0.64,128692,1,0,No,2.829655980219596,0.9442574972623976
698663,8.24,24,795,15917,Contractual,0.25,762790,2,1,Yes,13.931574836129087,0.9999991095828057
1802126,9.42,60,526,90602,Salaried,0.37,1750093,1,0,Yes,8.770172910090285,0.999844727387372
186330,8.08,36,535,79575,Salaried,0.42,1439131,1,1,Yes,3.9471360351869307,0.9810558838676153
530754,16.76,72,754,87518,Salaried,1.12,1220682,1,0,No,2.0306870662796985,0.8839815607771916
1400224,6.96,72,312,54104,Salaried,0.35,1048870,2,1,Yes,13.504069200059146,0.9999986346101497
1787095,12.29,60,509,164134,Self-Employed,0.42,1015576,1,2,Yes,6.820240659055,0.9989097317608672
63986,10.92,60,696,31999,Salaried,0.51,811028,2,2,No,2.633887496484265,0.9330109332852129
636146,17.79,36,278,156013,Unemployed,0.83,98185,3,0,Yes,6.3927557543281655,0.9983291586767994
1227888,7.34,12,255,76169,Salaried,0.23,797866,4,2,Yes,11.866505529371093,0.9999929783515886
62666,10.77,36,626,169542,Salaried,1.15,58382,2,3,Yes,3.5133857982092933,0.9710662454323744
1399380,17.63,24,628,144744,Contractual,1.05,1348818,2,0,No,4.471222986790472,0.9886959187373561
184633,16.39,48,310,125684,Salaried,0.73,528943,3,1,Yes,5.766874314418171,0.9968802392157076
338998,15.8,36,548,74821,Contractual,0.84,607317,3,3,Yes,5.198569376690145,0.994505889809605
900937,9.09,84,399,190507,Unemployed,0.12,1356948,2,1,Yes,6.019246292787143,0.9975743963142956
678776,8.05,48,298,150601,Self-Employed,0.47,3771,3,0,Yes,6.9893011146451,0.9990791582684492
1806187,14.02,60,461,27192,Self-Employed,0.98,1384819,1,2,Yes,24.040707708149455,0.9999999999637545
1383382,17.15,24,342,89102,Salaried,0.19,1693675,4,0,Yes,9.184580634179554,0.9998974010889009
1893400,12.68,72,573,129894,Contractual,0.41,974303,0,2,Yes,7.050283585077062,0.9991335883122189
1129111,12.86,72,192,101795,Salaried,0.74,1897265,5,2,Yes,10.931935867838959,0.9999821222519788
1046107,9.36,36,327,180159,Self-Employed,0.38,1852566,2,1,Yes,7.143972923917207,0.9992110141892663
1474289,15.23,48,625,81677,Contractual,1.13,1016972,1,0,Yes,7.047903671372193,0.999131525664462
888688,8.24,60,448,150699,Unemployed,0.24,320580,1,1,Yes,5.79846517893284,0.9969769614049738
401279,9.88,24,839,149327,Self-Employed,0.98,1156355,1,0,No,0.6848417053401818,0.6648184577554171
963910,11.11,48,787,151285,Salaried,0.66,649179,2,1,No,2.6796119520551716,0.9358128185878474
1920230,12.09,36,533,117412,Unemployed,0.93,779085,1,4,Yes,9.240889466153373,0.9999030181250137
1700237,8.91,24,233,34404,Self-Employed,0.44,1533895,4,1,Yes,21.629424311126613,0.9999999995959266
1746548,7.38,36,477,131545,Contractual,0.67,778760,3,1,Yes,8.366157094530388,0.9997674463658931
539570,13.33,12,832,171452,Self-Employed,1.04,556664,0,0,No,0.42928513714236827,0.6057029528688004
1555127,9.46,12,551,165245,Salaried,0.61,1036658,2,1,Yes,6.068978113306505,0.9976918039202416
1371685,12.97,24,534,199099,Salaried,0.5,480674,0,2,Yes,5.146005274595385,0.9942110885297789
74538,7.85,84,526,38989,Salaried,0.69,1126500,0,2,Yes,4.23536432925526,0.9857319871221695
944498,11.77,48,824,123106,Self-Employed,0.89,553620,2,0,No,2.336836772104257,0.9118822411975077
251664,12.39,84,469,39519,Salaried,0.59,393145,3,1,Yes,5.923953199726714,0.9973325284368474
541234,6.62,36,348,37439,Salaried,1.13,1619601,2,0,Yes,9.657260067487558,0.9999360445637011
1998260,10.04,36,330,133570,Salaried,0.42,393056,2,3,Yes,10.619451922836966,0.9999755645682621
189182,7.61,48,353,29995,Self-Employed,0.62,89031,1,1,Yes,7.0759686892259825,0.9991555402681765
1571101,6.76,36,864,38559,Salaried,0.93,1515762,0,1,Yes,12.292279830908479,0.9999954130003467
1256914,17.88,24,343,104049,Salaried,0.86,183024,2,1,Yes,8.34800599717441,0.9997631877293063
234064,9.87,48,254,151093,Salaried,1.05,1331711,3,0,Yes,6.62224158299855,0.9986713224358008
264020,15.72,24,548,113000,Salaried,1.2,1076048,3,1,Yes,3.890938053097345,0.9799827006729842
1089577,9.06,48,644,167191,Salaried,0.57,59946,3,0,No,4.0880878934870895,0.9835053646298564
673094,14.18,48,625,197611,Salaried,0.22,1547358,3,1,No,3.178180295293953,0.9600048559714295
947421,15.12,24,401,54350,Salaried,0.13,944353,0,0,Yes,8.511554737810489,0.9997989095695735
665270,13.15,12,697,192295,Contractual,0.9,1312261,1,1,No,2.432056367386914,0.9192393258543727
1744490,11.66,60,437,40517,Contractual,1.06,653525,2,1,Yes,17.299059645745402,0.9999999693017343
1217752,10.94,36,686,168322,Salaried,0.34,1051341,1,1,No,3.6347305481953245,0.9742875342840093
967710,10.19,12,248,104132,Unemployed,0.27,305218,4,1,Yes,9.266765957310595,0.9999054952505999
1316702,17.15,84,251,74546,Salaried,0.17,364939,0,3,Yes,11.127717243938864,0.9999853010124842
268969,15.97,12,481,120686,Self-Employed,1.0,1733219,1,0,Yes,3.627767001419662,0.9741125107952554
172409,17.58,48,536,103151,Self-Employed,0.44,1674251,4,1,Yes,3.5524270341538133,0.972143227546092
1646283,7.49,84,618,18327,Salaried,0.54,1823980,1,3,Yes,30.260319173896438,0.9999999999999278
303618,14.77,24,372,135318,Salaried,0.65,493377,2,3,Yes,6.082287759204245,0.9977222521404167
819598,17.26,24,436,175840,Salaried,1.02,1966849,4,0,Yes,5.307979905975128,0.9950724807165511
1148591,8.17,24,677,188860,Salaried,0.82,1721742,2,1,No,4.001678474354901,0.9820434124644124
822838,6.8,36,375,130945,Self-Employed,0.78,1008022,3,2,Yes,7.780486641974366,0.999582365689461
1220672,14.89,24,529,61830,Salaried,0.29,1837980,1,1,Yes,8.607883794274622,0.9998173733106652
1729923,12.89,48,418,67446,Salaried,0.66,673616,2,0,Yes,11.60453576194289,0.9999908754765682
1283916,16.1,12,455,161232,Salaried,0.89,366047,1,0,Yes,5.553280936786742,0.99614023189225
1209263,7.68,48,526,180070,Salaried,1.17,518790,3,0,Yes,5.6826548564447155,0.9966070433928077
924371,15.54,84,300,173302,Salaried,0.32,1198301,3,1,Yes,6.9331621446953875,0.9990260363574041
1509933,8.42,60,801,155148,Salaried,0.11,1676443,1,1,No,3.3519964936705597,0.9661701527815495
785716,7.96,48,373,84341,Contractual,0.18,1528461,3,1,Yes,7.973449749627504,0.9996556300969818
1204454,7.97,36,568,46085,Salaried,0.51,39339,3,0,Yes,10.800479964558244,0.9999796107010103
1825846,15.77,48,336,70571,Salaried,1.0,1467549,3,0,Yes,12.587573991677413,0.9999965858343222
1023548,13.98,48,690,160787,Self-Employed,0.11,1938384,2,1,No,3.1887588735407713,0.9604090554324093
1296862,12.28,36,800,143308,Salaried,0.6,304543,0,2,No,3.231508824815548,0.9620029438868457
823290,10.31,24,260,20750,Self-Employed,0.46,1879021,4,1,Yes,18.327821285140562,0.999999989026925
1873260,16.53,72,229,128931,Self-Employed,0.16,1015109,1,3,Yes,10.655250029085323,0.9999764238182994
1263475,10.71,36,818,93768,Salaried,0.6,1456498,2,1,No,4.509843869976965,0.9891195098235183
1423343,15.8,24,311,50903,Salaried,0.38,1600773,2,0,Yes,13.013893928976026,0.9999977708632567
1049238,11.27,36,827,178165,Salaried,0.49,518993,1,0,No,1.4535742757182015,0.8105479090737772
911882,10.52,36,854,106036,Salaried,0.88,994135,2,0,No,2.415255246645793,0.9179832196638563
1978434,11.55,60,472,102954,Salaried,0.67,712932,6,0,Yes,10.050503788099537,0.9999568378649769
429989,9.62,60,783,180386,Salaried,0.24,1527671,0,1,No,1.0794481426866092,0.746389535259078
465515,14.97,60,385,194297,Salaried,1.16,981271,4,3,Yes,6.585268174495746,0.998621346222492
93585,12.03,12,606,98014,Salaried,0.8,1206117,2,0,No,2.4439437733385025,0.9201174411300495
1469945,8.79,36,756,181251,Self-Employed,0.94,132385,1,1,No,3.616498990350398,0.9738268385485925
114044,16.79,36,459,132305,Salaried,0.19,1449639,2,0,Yes,3.24542673494325,0.9625084306525481
1010061,10.61,12,451,171410,Salaried,0.15,992206,4,0,Yes,5.73363159481166,0.9967751269021717
492296,12.52,36,524,47101,Salaried,0.12,141002,1,0,Yes,5.600243406014027,0.9963166534548837
159556,16.88,60,803,17775,Contractual,0.31,3285,2,1,No,2.680261603375527,0.9358518302686845
1625557,13.49,24,755,126497,Salaried,0.56,385781,2,1,No,4.705000649554273,0.9910312579539432
1980267,7.4,48,211,60619,Contractual,1.13,560151,5,1,Yes,17.42556263437756,0.9999999729495627
817595,17.28,24,513,191910,Salaried,0.6,1196352,1,0,Yes,3.648091292793497,0.9746201262426312
250235,13.53,12,358,165611,Self-Employed,0.42,936209,0,0,Yes,4.413794165242647,0.9880357301465493
75939,10.02,24,305,72124,Salaried,0.72,1704491,2,3,Yes,6.818868504242694,0.998908236351621
1251482,7.67,84,788,80149,Salaried,0.22,1594187,1,1,No,5.353166263251362,0.9952891562083976
592335,15.53,60,456,41616,Salaried,0.77,1381688,0,1,Yes,7.62383765859285,0.9995115757681239
1386825,13.44,84,525,183171,Salaried,0.73,1102491,1,1,Yes,5.293361187087476,0.9950002803949329
125766,12.4,36,711,76799,Salaried,0.97,371687,1,1,No,1.8359465010395097,0.8624686015735414
458923,16.73,24,504,105221,Salaried,1.19,665979,2,1,Yes,4.650287919395051,0.9905316571071864
1513768,15.46,48,378,129879,Self-Employed,0.38,1252038,2,0,Yes,7.4802319312590955,0.9994361914975369
618550,7.82,36,423,40479,Contractual,0.66,784278,2,2,Yes,9.666562192741917,0.9999366366892015
437261,9.74,60,770,192244,Salaried,1.1,1943508,0,1,No,1.5106864886983904,0.8191629221531921
860208,8.98,12,339,114165,Salaried,0.96,507553,3,3,Yes,8.806100249638682,0.9998502060769483
735440,14.93,36,815,70863,Salaried,0.64,976778,1,0,No,2.6753340318643013,0.9355553763795603
1751240,6.4,24,403,188115,Self-Employed,1.14,1514965,1,1,Yes,7.7854902054594275,0.9995844492638922
1034346,12.84,36,431,97569,Salaried,0.16,1987305,3,3,Yes,8.164352366017894,0.9997154600653588
1553165,15.15,60,733,161480,Unemployed,1.12,373410,1,0,No,3.4409935595739407,0.9689614112650567
187848,16.52,36,630,31351,Salaried,0.16,813171,0,0,No,2.684864512562066,0.9361276038138164
667075,10.1,36,442,150203,Salaried,0.7,440924,1,1,Yes,5.450680223874801,0.9957249711019392
177948,15.86,36,839,59825,Self-Employed,1.08,1700905,2,0,No,0.5126759994428195,0.6254335813894883
1677880,7.33,36,577,26349,Self-Employed,0.39,1101595,2,2,Yes,22.578889768112642,0.9999999998436446
452690,16.16,60,391,59254,Salaried,0.62,1255802,1,3,Yes,7.183279868588337,0.9992414021435095
549046,7.53,72,828,53225,Salaried,0.46,1281745,1,0,No,3.0711697980272428,0.9556877382353085
501269,10.77,84,629,27453,Unemployed,1.15,531661,4,1,Yes,8.450251065457328,0.999786199001539
71959,15.57,60,263,164886,Salaried,1.01,1739217,3,0,Yes,5.707425002729158,0.9966897802873098
1759466,7.8,36,791,164335,Contractual,0.88,1593051,0,1,No,3.903974320747253,0.980236834253588
1848792,8.75,48,498,92694,Salaried,0.75,1902871,1,1,Yes,9.674366248085096,0.9999371292245106
1888756,14.67,36,446,30735,Self-Employed,1.0,622215,3,3,Yes,23.45338091752074,0.9999999999347882
278576,14.64,36,520,161902,Self-Employed,0.53,1811049,3,2,Yes,4.208193746834505,0.9853447615515036
1065602,13.69,60,325,62893,Salaried,0.59,346229,1,1,Yes,10.028094814473258,0.999955859770407
1636409,14.33,12,324,190745,Contractual,0.9,1166572,2,0,Yes,7.399545357239596,0.9993888430153198
964091,12.51,72,498,142006,Salaried,0.49,563508,3,0,Yes,5.310225912989592,0.9950834811889243
215838,9.02,36,806,60066,Salaried,0.17,392647,1,0,No,1.0343375287184096,0.7377559516657308
1434250,10.15,48,600,149445,Salaried,0.18,1564547,0,0,No,4.605319532269396,0.9901004738295315
1978565,8.18,48,638,156407,Salaried,0.23,531930,2,0,No,5.7253648856295865,0.9967484443611812
111087,16.9,72,341,169813,Self-Employed,1.06,79971,3,0,Yes,4.901918425954825,0.9926225206741185
1063343,13.0,48,760,25692,Salaried,0.62,1628420,2,1,Yes,13.281095905340184,0.9999982935538277
1691704,10.81,48,480,193367,Salaried,0.88,1475552,3,1,Yes,6.77576755513264,0.9988602063011696
168451,11.54,12,469,60541,Salaried,0.53,1873200,0,3,Yes,5.095061864411446,0.9939103830576661
1546176,17.37,48,367,180129,Salaried,0.38,1566049,2,0,Yes,6.509614501274087,0.9985131603432927
1936013,7.84,24,465,81983,Salaried,0.48,397597,4,4,Yes,12.873109782922477,0.9999974338718439
489792,13.03,60,589,165655,Self-Employed,0.97,751943,4,1,Yes,3.999176415844174,0.9819992375367086
89353,12.07,48,348,168837,Contractual,0.79,1461350,2,1,Yes,5.288934590759135,0.9949782109852705
243075,13.34,48,863,169978,Self-Employed,1.13,1341502,2,1,No,0.43934473480881864,0.6081028830971097
1312859,6.22,12,401,135747,Salaried,0.85,1315502,1,0,Yes,7.413076642577737,0.999397052103632
1413453,16.47,12,515,100103,Salaried,0.73,746777,1,2,Yes,7.505495924198076,0.999450249393869
115318,17.19,60,737,192597,Salaried,0.77,185784,0,0,No,0.18512585086995115,0.5461497359074587
815313,12.78,12,868,184302,Salaried,1.14,1285412,2,0,No,0.9381364391053814,0.7187230731471779
1581266,14.36,12,669,165592,Salaried,0.97,488161,0,3,Yes,5.066084045928145,0.993732459773228
466880,17.07,12,458,198006,Salaried,0.13,1199110,1,2,Yes,4.256872503863519,0.986031348451663
641460,14.49,84,574,40566,Salaried,0.69,846462,3,1,Yes,7.57232487797663,0.9994857696497124
790976,7.83,60,541,88193,Contractual,0.86,723879,0,2,Yes,6.272108098148379,0.9981153149635099
831239,12.92,36,304,176206,Salaried,0.92,1891419,2,0,Yes,6.566561532146087,0.9985953500729979
1191840,13.28,36,895,156417,Salaried,0.33,1234854,1,0,No,1.061222974484871,0.7429241879403874
820746,11.09,36,660,136015,Salaried,1.05,97469,2,1,No,4.006102788908086,0.9821212653195642
863168,14.84,60,758,187257,Salaried,1.15,1619814,0,0,No,1.5261943211735742,0.8214488154705462
275281,17.21,48,547,145956,Contractual,0.36,1444315,2,2,Yes,3.5056497437583927,0.9708480947681667
1070545,17.11,24,622,85744,Salaried,1.07,1502718,1,3,Yes,6.427775688872303,0.9983865659576103
1735723,11.41,24,574,48455,Salaried,0.21,1189325,3,1,Yes,13.639568482784712,0.9999988076324329
948613,7.36,12,200,174090,Salaried,0.16,731188,3,1,Yes,8.585360790395773,0.999813214114366
1492646,17.82,48,872,69219,Salaried,0.24,1194737,2,0,No,5.260232436180818,0.9948327419586993
1450804,16.07,60,421,60991,Salaried,0.16,1446373,2,1,Yes,10.950987847933849,0.999982459628454
1530415,7.5,36,576,88616,Self-Employed,1.03,405123,2,2,Yes,8.90805646835786,0.999864723774308
319536,17.05,12,857,102438,Self-Employed,0.16,398825,0,1,No,-0.09103997539975406,0.4772557132264211
367824,16.44,12,752,131841,Self-Employed,0.4,1755089,2,0,No,1.0069718069492795,0.7324271089694693
1356002,12.23,84,689,155558,Salaried,0.21,1885547,2,2,No,4.489938953102166,0.9889031921141017
227789,13.1,36,593,184934,Self-Employed,0.42,437359,1,1,Yes,2.615852729442216,0.9318748918807671
1611729,10.79,60,635,73870,Salaried,0.2,1071512,3,0,Yes,8.476368733360408,0.9997917095473806
792452,6.66,48,897,101694,Salaried,0.83,1885190,1,0,No,1.8447544397899578,0.8635100369330473
887291,10.02,36,745,58856,Self-Employed,0.25,501477,1,1,No,5.437687576457796,0.9956693068727395
175657,15.63,24,509,116407,Salaried,1.04,897691,2,1,Yes,3.7761970027575655,0.9776034459371212
1333743,6.06,24,889,46379,Salaried,1.0,230596,1,2,Yes,9.132242933224088,0.9998918888885716
731669,10.0,48,601,79729,Self-Employed,0.12,1667906,1,0,No,4.657751491510826,0.990601400000805
1579247,10.78,60,357,174450,Salaried,1.09,799595,0,3,Yes,8.383482659787905,0.999771439873377
1817670,12.45,48,237,69353,Salaried,0.13,782046,3,1,Yes,14.007187987541993,0.9999991744275506
1169043,17.04,48,817,196068,Salaried,0.36,1225705,2,0,No,1.2427309504865658,0.7760390179690964
1282310,10.16,12,392,29031,Contractual,0.14,1716473,2,1,Yes,17.84044421480486,0.999999982135391
1721370,10.16,84,626,80982,Unemployed,0.47,1595283,4,0,Yes,8.75819485811662,0.9998428566345929
159751,14.85,60,727,51683,Contractual,0.67,730351,1,0,No,1.3877933072770543,0.8002397235404571
1479626,11.43,36,492,129091,Salaried,0.98,645499,3,0,Yes,7.058065043264055,0.99914029832179
861774,8.7,84,534,132797,Salaried,0.47,1433482,2,1,Yes,5.369822593883899,0.9953666111711301
1791093,11.43,48,460,163690,Salaried,0.88,205671,2,0,Yes,6.98209453845684,0.9990725043601711
511079,7.69,48,630,21587,Salaried,0.31,525122,1,0,Yes,8.98576082055558,0.9998748360390222
418452,8.12,60,428,77790,Salaried,0.93,294358,3,0,Yes,6.129108882889831,0.9978262142251513
156081,11.98,60,349,46480,Salaried,0.36,1796870,1,1,Yes,5.763074153757889,0.9968683982659928
1033237,11.03,48,822,166599,Salaried,0.26,1303446,2,1,No,2.125415329623827,0.893348983704453
1711909,16.98,24,791,38569,Unemployed,0.3,1541820,1,0,Yes,12.810686172833101,0.9999972685799092
608986,10.35,36,537,26151,Salaried,0.3,776646,3,2,Yes,10.773687908684181,0.9999790570577092
160078,12.97,72,342,59739,Salaried,0.66,526701,3,2,Yes,6.467053574716684,0.9984486133979218
1965631,13.59,24,637,47954,Salaried,1.03,1582369,1,3,Yes,15.106478354256161,0.9999997249955698
72671,6.16,36,551,124373,Contractual,0.19,776041,2,1,Yes,3.5279563195656074,0.9714728295752861
1516976,13.96,36,859,181375,Self-Employed,0.88,889234,0,0,No,1.607793062255915,0.8331047566464302
1454104,8.14,36,389,49700,Self-Employed,0.82,1181753,2,0,Yes,13.436954393024815,0.999998539827317
1709066,17.53,48,745,138728,Contractual,1.06,1247752,2,0,No,4.10903051534898,0.9838416897425055
101663,7.78,72,631,81788,Salaried,0.37,390447,0,2,No,2.8625685593648615,0.9459647430758507
1114284,10.98,24,324,86045,Salaried,0.6,500850,3,0,Yes,9.07000435818467,0.9998849472015036
1976914,7.02,24,412,183914,Salaried,1.12,1163473,4,2,Yes,9.067736561653817,0.9998846860192113
361955,17.96,24,343,159972,Salaried,0.83,1106984,0,3,Yes,5.784117745605481,0.9969334098878616
1232459,12.03,72,214,142992,Salaried,0.53,1217327,3,1,Yes,9.155222977509231,0.9998943446988244
1416970,13.14,48,610,95059,Salaried,0.24,116908,1,1,Yes,6.472864841835072,0.9984575889094228
162547,6.8,36,453,16881,Contractual,0.39,245993,2,0,Yes,6.848030685385938,0.9989395815307963
960681,15.0,60,441,179109,Unemployed,0.74,1278744,3,0,Yes,5.345100045223857,0.9952511850280131
1657618,8.52,72,559,147702,Self-Employed,0.89,1652595,2,1,Yes,6.722815615225252,0.9987982999757531
1849678,16.78,60,870,35789,Self-Employed,0.24,505421,0,0,Yes,14.002525701565657,0.9999991705695123
1860578,8.46,72,424,141083,Self-Employed,0.76,851563,0,0,Yes,7.815347681861032,0.9995966682343982
192483,8.29,36,420,103059,Salaried,0.71,850712,1,3,Yes,5.853475809972928,0.997138306241534
708271,6.44,60,416,61151,Salaried,0.67,1850770,4,1,Yes,8.746032030002235,0.9998409339620088
264835,11.66,36,544,194992,Self-Employed,0.86,1166374,1,1,Yes,3.4397885109816473,0.968925148705611
451896,12.78,60,749,124388,Self-Employed,1.02,641142,0,1,No,1.8428864842267747,0.8632897293147441
134896,6.79,60,546,18262,Salaried,0.46,237902,2,1,Yes,5.674178056437777,0.9965782585630818
527095,15.31,60,819,81981,Contractual,1.08,320847,0,1,No,1.7950099352288942,0.8575404115246121
121295,11.44,48,301,135951,Salaried,0.28,474650,3,1,Yes,5.916325602606822,0.9973121591406809
793974,12.29,24,418,138099,Salaried,0.29,63079,3,0,Yes,5.736626416556238,0.9967847393685222
937121,11.29,48,307,96972,Self-Employed,0.39,1594441,2,0,Yes,7.944315905622242,0.9996454533104052
1371831,10.81,84,514,90485,Salaried,0.23,1836222,4,1,Yes,8.299426599252177,0.9997514024484051
1398224,12.72,72,651,69722,Salaried,0.35,1921347,0,2,Yes,7.886281804882246,0.9996242767033966
1755738,7.86,12,631,104499,Salaried,0.22,310258,4,1,Yes,7.863444406166566,0.9996156007681959
1106731,8.18,24,726,196890,Self-Employed,1.0,482450,1,1,No,3.244652089999492,0.9624804668351467
1565448,16.34,24,338,176004,Salaried,0.25,1898238,2,2,Yes,7.7266499625008525,0.9995592755836397
875816,17.35,60,892,21901,Self-Employed,0.92,516379,1,0,Yes,10.699098313623427,0.9999774352336358
424705,10.48,60,486,132473,Salaried,0.15,1736916,1,0,Yes,3.988458880929196,0.981808804588018
1670118,9.25,24,655,23597,Salaried,1.14,1115770,4,1,Yes,24.06817933776892,0.9999999999647367
1906926,13.73,48,899,144631,Unemployed,0.88,1519598,0,0,No,2.673263358708253,0.9354304197068829
1708845,10.9,60,392,78909,Salaried,0.11,112333,0,1,Yes,10.612435096123383,0.9999753925103467
604594,6.3,60,296,87391,Unemployed,0.94,562080,3,3,Yes,9.266479168335412,0.9999054681463553
197718,7.87,48,343,154335,Salaried,0.67,45807,1,0,Yes,5.266495561603006,0.994864838336972
1407563,14.59,48,436,78293,Unemployed,0.96,1566089,2,1,Yes,9.50161052499372,0.9999252742081935
695263,13.91,48,720,171877,Salaried,0.67,1435986,1,0,No,1.822369175825348,0.8608501665730819
1457321,6.33,36,373,26874,Salaried,0.81,1988381,2,0,Yes,21.2348746371958,0.9999999994004698
1058239,8.66,48,638,101402,Salaried,0.96,660501,3,0,No,5.513156196787703,0.9959828454156624
157512,8.77,48,501,29079,Salaried,0.55,1558274,3,0,Yes,5.204174404209223,0.9945364305290236
197443,14.06,72,455,195922,Self-Employed,0.1,628580,1,1,Yes,3.720662321400013,0.9763547171429925
1569163,6.24,48,554,87779,Salaried,1.03,647272,1,0,Yes,8.414887478781939,0.9997785046581356
423616,7.25,60,470,110408,Salaried,0.52,538065,1,2,Yes,5.5548803589111895,0.9961463765855145
707409,15.6,24,469,155090,Salaried,0.65,1086922,2,0,Yes,4.538384164033787,0.9894224144752225
736976,8.14,36,492,135606,Salaried,0.11,841135,2,3,Yes,6.176072400926214,0.9979257358596073
1464447,13.83,12,654,195572,Self-Employed,0.64,1667841,4,0,Yes,4.109905927228846,0.9838556004641847
425037,8.86,24,557,135062,Salaried,1.19,309963,4,1,Yes,4.811759749843282,0.9919320865380744
1094107,7.19,60,307,27100,Self-Employed,0.41,1994549,4,3,Yes,19.10671894218942,0.9999999949643283
857364,8.92,84,648,72021,Self-Employed,0.53,1183493,2,0,No,5.4599750350592196,0.995764355065723
167796,14.67,12,750,165872,Self-Employed,0.86,896618,2,2,No,1.6249797916465711,0.8354807594303342
1390575,16.27,36,472,143126,Salaried,1.0,547578,0,0,Yes,5.738888659875448,0.9967919815413682
1291082,15.96,60,309,107446,Self-Employed,0.56,1423271,2,0,Yes,8.308830333376767,0.9997537286632692
1040198,10.77,24,564,44437,Unemployed,0.44,423915,1,1,Yes,9.761012770889124,0.9999423471240105
748376,14.02,48,737,192747,Self-Employed,1.13,175324,2,2,No,2.77847234457605,0.9415013631988878
319544,8.46,60,546,166014,Salaried,0.84,1933690,2,2,Yes,4.448440456828942,0.9884384387951571
430002,9.52,48,845,35862,Self-Employed,0.23,1707229,1,1,No,3.5458056996263454,0.9719633550273128
748002,16.76,24,553,26669,Self-Employed,0.18,1953025,5,1,Yes,11.459619583286463,0.9999894525889974
1638015,6.16,36,428,136219,Self-Employed,0.63,643784,1,1,Yes,8.166125978510095,0.9997159641384517
640978,7.03,60,473,199844,Salaried,0.34,1551726,3,0,Yes,4.882384196339812,0.9924780851823406
1627363,8.49,48,703,30916,Salaried,0.38,843521,2,1,Yes,17.505963966877985,0.9999999750393185
1629159,6.32,12,504,25878,Self-Employed,1.07,505180,3,2,Yes,23.647943581420513,0.999999999946318
957317,8.18,60,237,17985,Salaried,0.2,409824,4,1,Yes,22.69692382541006,0.9999999998610523
438215,13.0,12,573,56235,Self-Employed,0.89,390857,1,0,Yes,4.580436738685871,0.9898535864217615
371184,11.06,60,415,33931,Salaried,0.4,197345,0,2,Yes,7.670146424606799,0.9995336680625606
1897191,16.71,24,272,107876,Salaried,0.94,803051,4,1,Yes,11.239532667136343,0.999986856008333
1521091,15.81,84,284,15336,Salaried,0.89,1650870,3,1,Yes,35.45380125195618,0.9999999999999996
718234,10.1,36,623,57933,Salaried,0.11,770759,1,2,No,6.191633214230231,0.9979576978545166
428480,9.11,36,413,60536,Unemployed,0.66,1267556,2,2,Yes,7.198264019206202,0.999252675918352
82711,10.56,24,217,84504,Contractual,0.25,1523445,4,1,Yes,7.04363462084635,0.9991278134190843
841971,13.08,36,320,114214,Self-Employed,1.05,1325499,3,0,Yes,7.441561629922775,0.9994139748357289
551157,9.22,72,703,197220,Salaried,1.06,1492832,1,1,No,2.564055775276341,0.9285121376629417
234423,13.49,84,565,128936,Self-Employed,0.56,1798766,0,2,Yes,3.2952737068519777,0.9642663147022568
566349,10.91,36,483,31279,Self-Employed,0.59,1498117,4,2,Yes,10.02874292123576,0.9999558883674585
1802290,12.62,36,340,118751,Salaried,0.43,509163,1,1,Yes,9.373448675519924,0.9999150572979095
962495,11.23,60,404,119433,Salaried,0.89,808062,1,1,Yes,6.897827614645869,0.998991041917488
1756493,9.53,72,321,86386,Self-Employed,0.49,892007,3,1,Yes,11.791755774469628,0.999992433374337
874792,17.38,48,513,101124,Self-Employed,0.39,639724,3,1,Yes,5.672872552509791,0.9965738038641646
1835954,15.16,36,577,120750,Unemployed,0.58,667538,2,0,Yes,6.6600430641821955,0.9987205478947815
183272,7.68,36,653,92485,Salaried,0.2,413151,0,1,No,2.4044920797967237,0.9171692062856677
817836,16.42,48,588,89055,Self-Employed,0.92,1857792,3,1,Yes,5.374714670709112,0.9953891184523161
1036001,11.85,12,555,106911,Salaried,0.11,981226,1,1,Yes,5.513593750876899,0.9959845956971625
752335,16.73,48,398,113618,Salaried,0.81,678387,1,0,Yes,5.636318749376566,0.9964466994601249
857789,15.6,36,887,128892,Salaried,0.3,451069,2,1,No,1.24652965273252,0.7766985493951961
1741985,11.1,60,581,86128,Salaried,0.36,1947175,1,2,Yes,8.976660923276983,0.999873692006301
1176081,6.27,12,702,164180,Salaried,0.8,67359,1,0,No,3.626509014496285,0.974080768799904
52869,9.22,48,303,67495,Salaried,1.19,203460,2,3,Yes,7.012657406721487,0.9991003973698875
831474,12.5,36,498,97806,Self-Employed,0.96,1913616,1,1,Yes,6.012710610800974,0.9975585302532505
504351,13.6,48,412,108185,Self-Employed,0.35,1325831,3,2,Yes,6.185245952149866,0.997944638284032
1410828,9.09,12,626,198581,Salaried,0.29,1211960,1,1,No,4.329864027777079,0.9870018391416331
686584,7.67,48,453,185591,Contractual,1.05,784681,1,1,Yes,5.460667323128098,0.9957672739301456
668467,16.02,48,549,64649,Salaried,0.59,286305,4,1,Yes,6.212983015978592,0.9980007521915731
1188848,17.81,48,704,180596,Salaried,0.25,905352,1,2,No,3.0507076384120726,0.9548130674562529
88467,12.31,48,467,179957,Self-Employed,1.05,891255,3,0,Yes,3.9716468980552766,0.9815060930544149
1908336,8.06,48,431,190441,Salaried,1.0,1960022,1,1,Yes,7.524517925936817,0.999460602331214
1086685,9.27,60,383,110402,Salaried,1.18,1179042,0,1,Yes,7.722394875092843,0.9995573970990238
927844,6.22,36,521,45676,Salaried,1.1,329457,3,1,Yes,10.305746708701871,0.9999665607483376
530047,16.97,60,408,79093,Salaried,1.04,181446,1,0,Yes,5.632303286426527,0.9964324536330778
1757923,7.41,36,520,193836,Self-Employed,0.16,417230,0,0,Yes,5.46723763387606,0.9957948765317497
1157447,12.92,12,624,196871,Salaried,0.21,1653172,3,1,No,4.0310979304553065,0.9825549088675041
989903,9.29,12,667,94414,Salaried,0.73,1881397,1,2,No,5.493245030751089,0.9959023885998304
178391,12.65,36,446,108095,Salaried,0.68,1814099,1,1,Yes,4.3529283886087855,0.9872944370955735
489430,13.82,60,290,87307,Self-Employed,0.6,411377,4,1,Yes,7.570088519057273,0.9994846189525656
1067026,15.96,60,857,110432,Salaried,0.54,1680664,2,1,No,2.514686974789916,0.9251650391029143
1709280,8.48,60,487,46923,Self-Employed,0.57,1449282,3,1,Yes,15.079534854975172,0.9999997174852676
1955279,6.13,48,804,132449,Salaried,0.73,381691,2,1,No,5.4699181106186785,0.9958060859646922
1929072,7.64,36,774,62574,Salaried,0.1,762557,1,1,Yes,10.011928596541694,0.9999551404229494
306687,16.8,24,570,189463,Salaried,0.39,1073078,0,2,Yes,2.841615133297794,0.9448836364820707
1824027,16.49,36,720,136757,Salaried,0.67,35757,2,2,No,5.395150267749853,0.9954819669148195
157450,13.17,36,666,68664,Salaried,0.89,1876119,0,1,No,2.1864150646627056,0.8990229287074277
221890,13.21,12,358,82384,Salaried,0.29,622561,3,1,Yes,5.7431755033339815,0.9968056605440644
488741,13.98,24,582,46027,Contractual,0.7,582933,1,1,Yes,5.580571512373172,0.9962437525263763
331974,8.1,48,339,181536,Salaried,0.89,896650,0,0,Yes,5.339608540454786,0.9952251600140509
1498685,16.97,60,488,49485,Self-Employed,0.59,321199,1,1,Yes,12.127525967464889,0.9999945914600211
166381,11.03,84,463,165528,Salaried,0.13,1168391,1,0,Yes,3.504379295345803,0.9708121169294819
1571701,10.6,72,652,50554,Salaried,0.59,926502,4,5,Yes,13.459531009745357,0.9999985724236864
1670197,12.23,48,645,61922,Salaried,0.43,1732842,3,1,Yes,10.294611699665172,0.9999661863338729
184508,6.56,36,212,28409,Contractual,1.12,1411746,3,0,Yes,8.82974404824762,0.9998537057206995
1828226,8.0,48,589,51639,Salaried,0.24,332336,1,1,Yes,13.260526617479037,0.999998258090024
1961221,14.86,60,732,34692,Salaried,0.82,181549,2,0,Yes,17.6293778392713,0.9999999779373092
1497687,6.99,24,599,104037,Salaried,0.16,167973,3,2,Yes,7.710214495804377,0.9995519754915597
1249386,13.24,36,350,33074,Salaried,0.59,746631,3,2,Yes,16.865308621071943,0.9999999526315133
1391466,8.94,60,421,161621,Salaried,0.71,1100597,4,2,Yes,8.011831438983796,0.9996685928576174
1672241,10.67,36,578,44963,Salaried,0.43,29092,0,2,Yes,13.960280567726059,0.999999134779486
890477,9.46,48,880,67265,Salaried,0.6,918746,0,2,No,3.9231689338189746,0.9806052758964604
410032,10.27,48,372,31061,Salaried,0.28,1417563,3,0,Yes,8.596425512164235,0.9998152690766725
1096811,14.63,24,292,174882,Self-Employed,0.43,657191,2,4,Yes,8.414349441337588,0.9997783854796999
1468175,9.57,36,808,128502,Salaried,0.78,312865,1,1,No,3.9620925666526587,0.9813318637437206
1759536,12.8,36,865,37800,Salaried,0.43,290655,1,0,Yes,13.119904761904762,0.9999979950807389
1848596,11.71,12,625,131192,Salaried,1.09,72782,1,2,Yes,6.937396985588552,0.9990301482255352
929611,13.96,12,394,122228,Self-Employed,0.79,883435,3,1,Yes,6.99433126070404,0.9990837743733537
1270412,17.24,60,690,43054,Salaried,0.58,1984382,1,0,Yes,9.447556123318,0.9999211241138511
779903,14.79,36,384,191469,Salaried,0.14,1890576,0,0,Yes,4.7054779703241785,0.9910354995316951
95714,8.58,48,616,28233,Salaried,0.65,1969312,1,0,No,3.1020438848156413,0.9569769746176272
1024339,6.37,36,370,171140,Salaried,0.94,1412782,5,0,Yes,7.440782536714581,0.9994135183574759
1725810,9.15,72,814,80727,Salaried,0.39,1939309,1,1,Yes,6.76700477535397,0.9988501861861461
1994624,13.14,36,683,105610,Self-Employed,0.99,1362227,0,0,Yes,6.637008900672284,0.9986907737756037
680271,6.62,36,436,85453,Self-Employed,0.38,1697141,3,1,Yes,7.128561950233852,0.9991987707928627
1565536,11.96,72,337,119135,Self-Employed,1.01,1702863,2,0,Yes,8.879590436619521,0.9998608182086793
1810427,13.16,60,810,171904,Salaried,0.19,207580,1,2,No,3.5388182784189626,0.9717723144285764
174123,10.01,24,719,123464,Salaried,1.05,769032,1,0,No,1.5189275146331453,0.8203804973763462
986093,15.25,60,294,28682,Salaried,0.65,1672992,4,3,Yes,16.863227750273108,0.9999999525328431
1404204,7.28,36,642,169455,Salaried,0.43,1321403,1,1,No,4.731310141335458,0.991262109075988
1181565,6.9,36,605,73160,Salaried,0.39,547952,2,0,Yes,7.276127118644068,0.9993086184662285
1396932,14.74,24,841,38666,Self-Employed,0.58,1675228,2,1,Yes,10.732119053776788,0.9999781681552533
879957,11.95,12,836,73817,Salaried,1.2,1823948,1,0,No,3.400403847803803,0.9677171541583374
228274,14.26,60,319,106198,Salaried,0.34,164244,4,2,Yes,6.502520618718494,0.9985025912275465
737995,11.22,36,710,180714,Salaried,0.21,476857,1,1,No,2.3741319764932434,0.9148333487716244
1423928,8.96,36,505,56830,Salaried,0.74,1112916,0,1,Yes,10.916109683852426,0.9999818370698684
1918836,15.83,60,484,25234,Salaried,0.64,1660100,2,0,Yes,25.80934026842091,0.9999999999938178
461927,15.59,60,681,72616,Self-Employed,0.68,11017,0,1,No,2.971202012412324,0.9512560421351783
839852,14.34,24,526,24221,Salaried,0.83,1871621,3,1,Yes,13.779361587052557,0.9999989631907854
1981760,9.27,48,678,157482,Self-Employed,0.39,1834743,0,0,No,4.878712405227264,0.9924506244035437
181373,13.08,24,248,16051,Self-Employed,1.1,1003634,5,1,Yes,10.1599383215999,0.9999613118424225
1537028,10.33,60,644,125529,Self-Employed,0.58,994424,3,0,No,5.704488369221455,0.9966800774179134
165294,7.1,48,594,91918,Salaried,0.24,554636,1,4,Yes,4.403816350805428,0.9879172049652912
1085362,17.01,84,803,93116,Salaried,0.92,1458240,2,1,No,3.7173061342841187,0.9762771115936174
1558027,7.64,12,321,137226,Salaried,0.81,271635,2,1,Yes,9.183452436127265,0.9998972852835853
698307,17.4,12,401,59757,Self-Employed,0.45,209720,2,6,Yes,9.525733219539134,0.9999270550978674
115726,11.35,36,609,136008,Salaried,0.78,121070,1,0,No,2.2314295923769194,0.9030366084000072
191564,8.22,36,377,197329,Contractual,0.34,1800493,4,1,Yes,5.672235449427099,0.9965716278145227
1476388,12.5,24,870,146379,Salaried,0.59,1893767,1,1,No,2.620152610688692,0.9321473594811235
318246,16.48,72,375,71889,Salaried,1.09,918472,4,3,Yes,7.140739111686072,0.9992084606502526
1804272,14.79,24,331,50944,Salaried,0.25,262512,0,1,Yes,15.082531407035175,0.9999997183305703
168015,15.68,36,742,114555,Salaried,0.53,35010,2,0,No,0.8253359521627166,0.6953678392375228
1839250,13.91,60,461,53134,Salaried,1.0,1608715,2,2,Yes,14.715427002170616,0.999999593396533
304079,14.31,36,553,173395,Self-Employed,1.17,1695625,1,2,Yes,3.7716034055191905,0.977502648398207
600929,16.19,60,604,40954,Self-Employed,0.6,1991576,4,1,Yes,6.952813603880776,0.9990449712268499
739944,9.0,12,779,104959,Self-Employed,0.66,778928,2,0,No,2.7389515525109807,0.9392863338578231
738105,11.87,36,239,19992,Contractual,0.73,1962160,4,0,Yes,17.2888387354942,0.9999999689863611
563758,8.65,12,804,16961,Self-Employed,1.13,1734872,2,1,Yes,10.962713155670855,0.9999826640901122
1033609,17.85,12,538,27497,Salaried,1.04,1651722,3,0,Yes,13.925464759791977,0.9999991041256387
1464466,17.33,72,515,178623,Self-Employed,0.29,591293,3,2,Yes,5.8814258830049875,0.9972169638279561
1067703,6.47,24,410,28255,Salaried,0.58,37493,1,0,Yes,15.629265823158141,0.9999998369593018
495101,14.47,48,452,150639,Salaried,0.61,725155,0,1,Yes,4.4041682997099025,0.987921405388013
86631,17.1,36,401,63847,Self-Employed,0.97,1740326,1,2,Yes,4.8600559305840525,0.9923095509536485
1865153,8.17,36,490,194075,Salaried,0.76,534580,2,0,Yes,6.5063092661771655,0.9985082452013125
1171567,12.82,72,862,35389,Salaried,0.82,1927385,2,0,Yes,9.471286661580338,0.9999229737042252
1102590,16.99,12,260,190595,Salaried,1.2,683725,4,0,Yes,7.49966340057889,0.9994470353696936
1371813,6.41,48,788,138802,Salaried,0.18,523238,1,0,No,3.32280429916956,0.9652029003640493
1116646,14.37,84,265,76576,Contractual,0.35,934711,3,1,Yes,10.167157856247389,0.999961590136403
1920785,9.57,48,353,58919,Salaried,0.55,1150311,4,1,Yes,15.372630348444476,0.9999997892578649
1155534,17.09,72,306,18358,Salaried,0.48,1595776,4,0,Yes,23.891164850927844,0.9999999999579081
1180650,17.65,12,395,103535,Salaried,0.12,1020021,1,0,Yes,6.748183714041951,0.9988283661306635
1633593,17.33,36,722,120982,Salaried,0.2,1129347,2,0,No,4.366666515128972,0.9874656212752156
1853649,11.69,36,323,20698,Contractual,0.85,1760508,3,0,Yes,32.102907446774246,0.9999999999999887
1274665,16.34,60,300,81809,Salaried,1.07,631581,0,1,Yes,9.640629559909872,0.999934972128645
247392,16.13,84,706,108079,Salaried,0.67,1147659,1,1,No,1.6505310266872688,0.8389628072817168
208823,9.83,36,677,70805,Self-Employed,0.69,1686519,2,1,No,2.8716140691570744,0.9464252475556002
1073904,15.95,48,360,177421,Contractual,0.38,1026850,3,1,Yes,6.5386905317484025,0.9985557077474054
1728728,6.44,24,808,196320,Self-Employed,0.94,936780,2,0,No,3.3010325998370007,0.964464217989843
1491578,13.16,48,612,90033,Self-Employed,0.93,621747,1,1,Yes,7.225437628425134,0.999272695408415
1832005,8.76,36,892,113239,Salaried,0.75,398750,1,1,No,4.603464795697595,0.9900822780467479
548863,7.45,84,717,145407,Salaried,0.33,747365,0,1,No,2.3735667574463406,0.914789300367625
417654,6.92,48,776,59041,Salaried,0.21,1281258,2,2,No,3.569522998142534,0.9726024812965984
629036,14.36,36,372,46954,Contractual,0.17,428886,2,1,Yes,8.47039028268802,0.9997904608251208
580089,10.08,24,440,23002,Salaried,0.75,979651,1,2,Yes,12.12572037214155,0.9999945816856177
1248838,14.7,24,881,84783,Salaried,1.01,229171,2,2,No,4.48794483563922,0.9888812879818877
1541481,6.78,24,437,122524,Salaried,1.04,1422415,3,1,Yes,8.75531605236525,0.9998424036689759
285362,9.78,36,420,139857,Salaried,0.61,167558,2,3,Yes,5.9411152319869585,0.997377798057013
1542785,12.47,72,607,34738,Salaried,0.96,983061,2,1,Yes,15.898441485788856,0.9999998754354287
1652456,15.49,48,412,25703,Unemployed,1.14,296412,3,0,Yes,23.432284901892128,0.9999999999333979
847079,9.83,48,814,128776,Salaried,0.4,107338,2,0,No,2.074211136650722,0.8883712539627624
714076,13.51,24,636,195494,Self-Employed,0.54,474551,2,1,No,3.1259690953857064,0.9579513251409091
269963,16.63,72,874,158464,Self-Employed,1.12,288480,1,0,No,-0.46674627254981144,0.3853866458101054
530761,13.39,60,635,59724,Salaried,0.47,790073,4,2,Yes,5.488235583684951,0.9958818950760504
1347286,8.8,12,264,47299,Salaried,1.11,1135708,5,2,Yes,15.916001663178221,0.999999877603711
270984,6.29,60,474,30641,Salaried,1.18,1343679,1,1,Yes,6.960984340154259,0.9990527353607696
1995635,16.44,48,408,94534,Salaried,0.83,144378,1,0,Yes,9.915070641250765,0.9999505782557799
1955324,6.26,12,342,21305,Self-Employed,1.0,177254,4,1,Yes,33.69164476257529,0.9999999999999976
1880931,16.5,36,491,33782,Salaried,0.92,598411,2,1,Yes,20.086549227399203,0.9999999981097358
314512,12.35,36,239,93257,Salaried,0.87,1498118,4,2,Yes,8.04059223615028,0.9996779856030534
651863,17.27,24,522,92963,Salaried,0.44,1800831,3,1,Yes,5.1204541287035354,0.9940621589355879
1367375,15.59,72,399,136987,Contractual,0.16,1594362,2,1,Yes,7.069369311199846,0.9991499536826898
1336125,17.98,60,843,166638,Self-Employed,0.48,1643062,2,1,No,1.9691054021291663,0.8775149920920722
1692895,10.21,48,427,139591,Self-Employed,0.83,1549161,0,0,Yes,7.349427729342628,0.9993574529298437
1582875,15.21,36,751,82766,Self-Employed,0.21,27197,2,0,No,5.943910289249208,0.9973850978899663
1710786,10.82,36,668,21511,Salaried,0.11,676079,0,2,Yes,25.621558845861806,0.9999999999925406
498982,11.76,48,229,129816,Self-Employed,0.25,1007705,4,2,Yes,8.083129044185617,0.9996913916930201
1222622,13.53,48,471,172249,Salaried,0.89,108775,3,1,Yes,6.147897558186115,0.9978665891627555
456619,16.48,12,583,19765,Self-Employed,1.17,1860040,3,0,Yes,9.295387638080781,0.999908161547983
1130673,17.81,48,277,166426,Self-Employed,1.18,846056,0,4,Yes,8.355987828424245,0.9997650699590123
1046161,15.22,60,405,38929,Salaried,0.64,864609,4,1,Yes,12.699736075076851,0.9999969480783818
716326,11.01,36,614,174892,Self-Employed,1.06,828396,2,2,No,4.295245740228255,0.9865501438078712
699150,11.06,12,467,126576,Contractual,0.91,685388,1,1,Yes,5.529401023890785,0.996047320343532
1328805,14.85,60,638,175595,Salaried,0.65,1159606,1,0,No,3.6127326376035764,0.9737306697621484
168834,8.87,24,363,86088,Self-Employed,0.73,316790,3,2,Yes,6.411187110863302,0.9983596224255645
1192424,7.33,36,752,92525,Salaried,0.25,1916195,2,2,No,5.535442808250022,0.9960710360384349
1151497,10.26,24,582,28780,Salaried,1.13,1450328,1,0,Yes,14.480095899930506,0.9999994855134451
755086,9.45,36,635,21589,Salaried,0.49,1690263,2,2,Yes,13.251149034230396,0.9999982416783162
1749005,9.56,60,689,180884,Salaried,0.59,1105323,1,1,No,4.550095700375194,0.9895442839682626
1804236,8.8,48,824,108664,Contractual,0.84,45712,2,1,No,5.643808535178778,0.9964731199920085
334821,6.51,24,325,192011,Contractual,0.47,399489,3,0,Yes,6.018627841634073,0.9975728993749909
105609,6.21,72,782,197565,Self-Employed,0.38,333964,2,2,No,1.6748659555083139,0.8422235015538835
277897,17.85,72,891,119188,Salaried,0.79,125342,1,0,No,-0.6820243816491594,0.335809631455738
1024165,11.13,72,544,108326,Contractual,0.13,1664092,0,3,Yes,6.220841229252442,0.9980163700985993
1129600,10.61,24,757,55953,Salaried,0.89,336497,0,2,Yes,7.258345048522867,0.9992962230421553
1075715,14.16,36,388,80785,Contractual,0.67,487707,1,0,Yes,7.902732933094016,0.9996304049445754
1168889,8.62,84,394,34309,Salaried,0.77,92091,2,1,Yes,15.170503764804183,0.9999997420510197
1488533,17.4,60,751,69195,Salaried,0.8,1396634,2,2,Yes,7.513644049425537,0.9994547081979356
234078,15.44,12,727,40901,Self-Employed,0.68,1230478,2,0,No,2.3322449002876864,0.911512571922596
1456005,7.07,12,450,169648,Salaried,0.74,893150,1,0,Yes,6.481585172435474,0.9984709602917866
511243,11.01,36,813,177580,Salaried,0.85,410343,1,0,No,0.8561834102939521,0.7018626431036774
1212208,16.55,72,517,40464,Salaried,0.93,1294798,2,3,Yes,12.910140569395018,0.9999975271594362
1047639,17.34,48,321,31260,Salaried,0.9,214560,0,2,Yes,15.05911708253359,0.9999997116576568
301451,11.61,36,612,139997,Salaried,1.06,535827,1,1,No,3.0824802710058075,0.9561642607970212
53051,13.36,24,653,50440,Salaried,0.31,1750697,3,1,No,2.296196008458895,0.9085615036608296
1802683,8.0,48,505,110082,Salaried,0.54,1881227,0,1,Yes,8.312079286350174,0.999754527292795
1475412,17.89,60,674,120583,Salaried,1.14,932196,0,2,No,5.195863199345402,0.9944910836548433
1054646,8.78,36,750,71683,Self-Employed,0.54,1324054,1,1,No,5.498124608810086,0.9959222531767444
1710099,17.31,60,894,139206,Salaried,0.24,1994695,1,2,No,2.898899336235507,0.9477920003556735
1021525,13.8,84,478,187502,Contractual,0.68,1842911,0,1,Yes,4.876422566159295,0.9924334486929391
1820348,13.29,24,509,148059,Contractual,0.22,421743,2,0,Yes,6.478924209267927,0.9984668924013713
239407,12.15,48,632,171177,Salaried,0.32,933133,2,6,Yes,4.515077980686658,0.9891756959025616
499395,8.77,36,763,93484,Self-Employed,1.2,1563482,2,1,No,3.0217778086802727,0.9535483351040894
999597,8.12,60,423,159098,Self-Employed,0.7,1630872,0,2,Yes,6.558203664827129,0.9985835776964512
512894,8.65,48,309,83309,Unemployed,0.41,1525068,3,1,Yes,7.700124378318469,0.9995474340441733
1310386,8.24,48,311,60927,Salaried,1.19,1410038,0,1,Yes,12.031576181331758,0.9999940468027784
1007238,15.36,60,425,57946,Salaried,1.16,419924,2,2,Yes,9.848706795982467,0.9999471873393014
777975,10.2,36,671,141503,Self-Employed,0.58,1714796,3,0,No,3.421381991901232,0.9683661338198409
123523,6.69,72,436,156449,Self-Employed,0.39,1983518,4,0,Yes,4.775362491930277,0.9916355286283168
1859039,17.63,48,582,68592,Self-Employed,1.02,67300,2,0,Yes,10.149689701422906,0.9999609133190186
1193052,16.61,24,439,153419,Salaried,0.89,391407,2,1,Yes,6.214762110081976,0.9980042987873513
1332417,17.13,48,700,48776,Contractual,0.86,807274,1,1,Yes,9.211618500902082,0.9999001377047207
853451,17.94,60,248,149855,Unemployed,1.08,1239861,4,0,Yes,7.465553601815087,0.9994278594649331
1079225,8.09,36,532,70798,Salaried,0.86,1877380,3,0,Yes,8.022949805550063,0.9996722559545063
920045,10.75,72,656,150370,Salaried,0.41,1425036,3,0,No,3.643728946376715,0.9745119966881874
272866,15.1,72,265,85204,Salaried,0.86,1147547,2,3,Yes,7.496417335649344,0.9994452384915603
1185248,14.35,36,417,101207,Self-Employed,0.44,986410,1,0,Yes,7.023504676883351,0.9991100942314286
1696711,7.85,84,250,115356,Self-Employed,0.94,38744,3,2,Yes,11.534376243975172,0.9999902123192728
1443470,15.79,24,332,75652,Self-Employed,0.78,378226,1,1,Yes,10.500284997973175,0.9999724721551675
1833570,8.69,24,617,180556,Salaried,0.19,319586,0,0,No,4.728372911082064,0.9912366313934088
78251,8.69,24,222,144572,Salaried,0.66,1964078,3,1,Yes,6.982211248835645,0.9990726125018397
1726345,12.44,72,788,35922,Salaried,0.48,610278,2,1,Yes,14.992779466622125,0.9999996918810029
1473286,13.12,48,201,180100,Salaried,0.46,1956678,3,1,Yes,9.034779937071997,0.9998808228029287
1648809,12.96,24,306,166388,Self-Employed,0.76,369061,3,1,Yes,8.636826766353343,0.9998225823853669
1975860,7.1,36,522,91996,Unemployed,0.45,234975,0,3,Yes,10.511635216023883,0.9999727828272714
1130793,16.53,48,567,163040,Contractual,0.95,527938,3,1,Yes,4.913203508341512,0.9927047041669569
1106884,9.19,12,751,45266,Contractual,0.18,569405,2,0,Yes,8.032030228722071,0.999675217575824
1366669,7.55,72,588,170072,Salaried,0.83,1926252,2,1,Yes,5.533581134264704,0.9960637435940183
233062,16.66,60,342,160083,Salaried,0.99,789622,3,1,Yes,5.524431344989788,0.9960277061269788
444366,17.47,48,383,17866,Self-Employed,0.84,48113,1,2,Yes,12.011814489346616,0.9999939279881201
794840,16.35,84,690,127669,Contractual,0.65,139861,1,1,No,2.965236098818037,0.950978668837393
150235,15.71,36,890,20898,Salaried,1.15,1080701,2,1,No,1.7075229687051392,0.8465147258073423
1173316,13.86,84,353,33395,Salaried,0.43,1278343,1,3,Yes,15.927344362928583,0.9999998789841713
428496,12.61,48,825,185091,Salaried,0.12,392144,0,0,No,-0.058316582113663085,0.48542498482562596
1951625,7.04,48,514,19006,Self-Employed,0.58,934963,2,0,Yes,34.210736890104876,0.9999999999999987
800201,10.9,24,526,180465,Salaried,0.14,690778,4,0,Yes,4.517898567589283,0.9892058546853334
853328,10.47,72,427,25956,Salaried,1.15,1946912,2,0,Yes,14.080283171521035,0.9999992326201668
1093233,9.12,36,776,196114,Salaried,0.33,178157,0,1,No,2.1843431269567706,0.8988346811808041
227247,14.68,24,703,152150,Salaried,0.97,1591632,1,2,No,2.0827383064957825,0.8892140780789353
1761741,11.95,12,234,175703,Contractual,0.95,1753897,5,1,Yes,9.952210354025448,0.9999523800122975
579525,6.97,48,428,110676,Salaried,0.34,343243,4,1,Yes,6.546035689761105,0.9985662622825155
1082751,8.64,48,494,136724,Self-Employed,0.78,253807,4,1,Yes,6.727773821713818,0.9988042363987529
1118632,14.2,60,685,77901,Self-Employed,0.15,1731821,4,3,Yes,6.834565153207276,0.998925221311634
226615,6.91,72,551,122227,Contractual,0.63,611709,3,0,Yes,3.822381741895544,0.9785926624605461
237628,16.21,12,517,132192,Salaried,0.12,1765018,2,2,Yes,3.7664458968772694,0.9773889487281482
688836,11.94,60,873,187646,Unemployed,1.11,1841903,1,0,No,0.5202800699188896,0.6272132536948655
423632,11.77,24,501,46417,Salaried,1.17,1229959,1,0,Yes,5.915163521267352,0.9973090422454616
1232991,13.11,72,316,103020,Unemployed,0.34,744854,1,1,Yes,8.574038730343622,0.9998110876978714
456716,15.9,60,621,98639,Contractual,0.33,1246715,0,1,No,2.886053011486329,0.9471526653765774
496438,10.17,48,649,109881,Salaried,0.93,71017,1,3,Yes,4.289888101673629,0.9864788679005881
1652239,14.14,60,693,185526,Salaried,0.38,1858940,4,0,Yes,4.015376831279713,0.9822833829981188
715022,12.79,36,624,147659,Salaried,1.08,545648,0,1,No,3.4788827219020404,0.9700809094113174
591252,9.2,36,711,136688,Salaried,0.73,1889855,1,1,No,2.8130010144757893,0.9433743444258417
1736293,16.54,60,479,130584,Salaried,0.49,502394,3,0,Yes,7.116577252955953,0.9991891183646658
302764,15.57,36,381,101567,Salaried,1.02,1663229,1,1,Yes,5.294778653499661,0.9950073269514876
764998,13.9,36,773,90886,Salaried,0.64,1658332,2,1,No,3.1928014509018623,0.9605624826058525
1565458,16.21,36,767,164888,Salaried,1.1,257137,1,1,No,3.3673872770203612,0.9666696131675694
790427,16.41,60,724,44432,Salaried,1.12,1349651,2,1,Yes,6.4773765754411246,0.9984645215212508
562153,14.5,36,378,194689,Salaried,0.28,1104399,3,0,Yes,5.089898965358426,0.9938790546199275
117215,16.04,24,882,87373,Salaried,0.1,824464,1,2,No,-0.21420251870333695,0.4466531892398423
1954050,14.37,60,518,180289,Salaried,1.18,771279,5,0,Yes,6.846029488765261,0.9989374595572277
194356,14.16,60,239,35884,Salaried,1.1,1785362,5,1,Yes,8.39486902240553,0.9997740269968566
253861,13.42,24,644,20454,Salaried,0.16,1067383,1,1,No,5.329060623838859,0.995174773149654
1052168,15.03,24,507,89960,Contractual,1.02,1977847,0,1,Yes,6.49428612716763,0.9984902286136826
405612,7.9,24,813,117421,Salaried,0.6,663431,1,0,No,1.1879685206791517,0.766377538906035
1553181,16.57,36,653,58618,Salaried,0.38,577701,3,0,Yes,9.290163561818327,0.9999076805659485
59435,16.46,36,465,62111,Salaried,1.07,681509,1,0,Yes,3.393408086597651,0.9674978853737002
497556,6.35,60,321,185685,Self-Employed,0.32,1588404,0,2,Yes,6.492704405310068,0.9984878422996266
1798014,15.91,48,350,135592,Contractual,1.14,1805148,3,3,Yes,9.90830844494267,0.9999502429404159
915264,7.55,48,738,74993,Contractual,0.33,1118824,2,1,No,5.0842310637881765,0.9938444773593376
1674157,10.02,36,594,143652,Self-Employed,0.78,252515,0,0,Yes,5.533276418010191,0.9960625486934076
128781,14.92,60,518,154920,Salaried,0.35,1795673,0,0,Yes,2.466048928479215,0.921727184705684
241475,7.93,36,794,93672,Salaried,0.7,1159070,1,1,No,1.5525301050473996,0.8252788572553115
210196,15.82,84,529,81125,Salaried,0.85,773931,2,1,Yes,3.8089708269131997,0.978309905753779
276507,15.99,48,319,132509,Contractual,0.31,609723,1,1,Yes,5.327511063399467,0.9951673265348217
356063,12.09,24,852,76602,Self-Employed,0.67,544075,0,0,No,0.6349662019268427,0.653614678969947
814121,6.08,48,308,57222,Self-Employed,0.62,283126,3,0,Yes,10.029557093425604,0.9999559242657243
826665,9.44,36,407,64223,Salaried,0.18,250768,0,1,Yes,7.976870477347161,0.9996568056765582
1789183,13.4,48,702,80333,Self-Employed,1.0,546894,2,1,Yes,8.244957323474372,0.9997374896027993
1219748,17.77,12,895,198804,Salaried,0.47,1831496,1,0,No,0.2977956278545704,0.5739035514932213
1455478,13.58,24,782,137650,Salaried,0.73,1976230,1,1,No,3.6124611938491342,0.9737237255408833
534963,9.12,72,418,64420,Salaried,0.67,772783,3,2,Yes,7.719289972058367,0.9995560213353651
1554544,13.61,24,713,90504,Salaried,0.66,1282443,2,0,No,6.052790108724477,0.9976542231233027
1417293,12.48,60,403,17462,Salaried,0.22,112223,3,1,Yes,28.867324246936203,0.9999999999997096
1157677,15.36,36,320,24460,Contractual,0.57,1619800,3,2,Yes,19.846818479149633,0.9999999975976501
1594548,7.28,48,400,114319,Salaried,0.6,1666150,5,0,Yes,9.317803106511896,0.9999101970662599
338790,15.13,48,372,155347,Salaried,0.91,926097,2,2,Yes,5.737424553848267,0.9967872963228971
940617,12.5,48,780,159341,Salaried,1.02,1983438,0,2,No,2.637284312679516,0.9332229274828512
597337,17.56,36,651,144593,Salaried,0.7,999647,1,1,No,2.6460150445272825,0.933764954732777
1833541,10.1,24,859,137672,Self-Employed,0.2,1610245,1,0,No,3.3437884730857883,0.9659008414755724
1458836,13.59,12,625,87920,Self-Employed,0.36,383609,2,1,Yes,7.0393298453139215,0.9991240540546246
1982387,17.18,36,487,37553,Self-Employed,0.28,1007851,3,1,Yes,19.14704677833107,0.9999999951633658
1691249,7.23,48,261,170438,Contractual,0.24,1863082,4,0,Yes,9.16038719651721,0.9998948888622886
700419,17.25,72,238,59036,Self-Employed,0.5,413811,0,3,Yes,9.641780777830476,0.9999350469419618
483374,14.25,72,807,163441,Salaried,0.35,568482,1,0,No,0.4697449385405131,0.6153233849880118
770777,6.81,60,557,157867,Self-Employed,0.34,1753313,2,0,Yes,4.363233604869922,0.9874230600434006
1646153,9.61,60,712,85021,Salaried,0.16,288997,2,0,Yes,6.851683386065403,0.9989434437715047
1470946,14.5,48,470,122205,Salaried,0.12,1384439,3,2,Yes,7.650679309357227,0.9995245053451209
937225,6.81,36,364,176215,Salaried,0.21,151733,1,2,Yes,6.972093451181795,0.9990631905888528
321967,12.99,72,894,175497,Self-Employed,0.29,1572088,1,2,No,0.14388034838202368,0.5359081622261381
241232,10.15,48,453,103209,Self-Employed,0.57,705853,2,0,Yes,4.453361329922778,0.9884945390463912
1402695,13.45,48,565,90139,Salaried,0.66,643012,0,0,Yes,6.6616065206699275,0.998722544146162
59540,6.55,24,236,20368,Self-Employed,0.25,1286353,3,4,Yes,8.771130531552762,0.9998448759855308
1639228,16.46,36,420,150693,Contractual,0.57,167567,3,1,Yes,7.419712521484078,0.9994010375582351
1496403,17.68,36,613,73829,Salaried,0.48,1062279,3,2,Yes,8.56921631517877,0.9998101746574938
601951,17.63,72,367,144036,Salaried,0.3,970584,3,2,Yes,6.134584478880281,0.9978380588070633
1150567,15.0,48,453,29719,Self-Employed,0.11,948319,2,3,Yes,15.978458763753828,0.9999998850143937
238751,7.56,36,258,44227,Salaried,0.61,947069,5,0,Yes,8.153492617631763,0.9997123540875543
1464902,15.1,84,350,124430,Self-Employed,0.85,903923,3,1,Yes,8.613536794449356,0.9998184025998657
1784913,6.3,24,748,153638,Salaried,0.35,1107029,1,1,No,4.7202959554276935,0.991166191234532
668992,6.27,36,458,27306,Salaried,0.24,1661342,4,2,Yes,12.443445067018239,0.9999960565280238
99115,9.88,12,367,68822,Self-Employed,1.08,1550314,2,0,Yes,5.27071601135296,0.9948863547658304
1451727,11.86,60,306,39042,Self-Employed,0.4,819593,2,1,Yes,16.566784232365144,0.9999999361535145
793583,15.24,72,436,161158,Self-Employed,0.35,1235639,0,0,Yes,4.487276337507291,0.9888739353845872
1290538,14.2,36,463,163459,Contractual,1.04,376440,1,1,Yes,6.0712202489105325,0.9976969615058003
771747,11.35,72,382,173114,Self-Employed,1.0,238411,2,1,Yes,6.271574964089176,0.9981143118010602
1247719,9.28,36,719,104424,Self-Employed,0.59,1451508,1,0,No,4.5572420516356384,0.9896179648514488
1813211,17.97,72,262,197690,Salaried,0.64,1024603,3,1,Yes,8.390097450553897,0.9997729464192785
586226,11.11,60,335,164395,Salaried,0.34,819781,5,0,Yes,6.4299546772509295,0.9983900721303468
1002699,11.42,60,345,33019,Salaried,0.19,571386,2,1,Yes,14.08453352110401,0.9999992358748752
403824,7.96,12,561,90426,Self-Employed,0.73,1419155,2,1,Yes,4.658405237431713,0.9906074845977109
1102576,15.54,84,475,55863,Salaried,0.21,1966212,2,0,Yes,8.860142795768217,0.9998580853475993
775948,14.32,60,465,126023,Salaried,0.59,1100566,1,0,Yes,4.939824725116314,0.9928949899006897
937474,8.65,36,669,156355,Salaried,1.13,1379641,1,1,No,3.9399079924957094,0.9809210808484017
1454330,6.99,60,266,164351,Self-Employed,1.15,691898,3,1,Yes,9.372178097486477,0.9999149493121697
301492,14.17,36,505,61999,Contractual,0.36,624860,4,1,Yes,5.072022454663247,0.9937693374826573
1988699,13.85,72,806,77780,Salaried,0.79,1016783,2,1,Yes,8.072310319705151,0.999688035866193
1598098,9.28,24,495,37908,Contractual,0.62,1809845,4,0,Yes,16.471849319404875,0.9999999297952167
541072,17.41,60,426,141278,Salaried,1.06,1317933,2,0,Yes,4.762118378893624,0.9915249568932574
1136880,7.81,48,510,128002,Salaried,0.4,1173269,3,0,Yes,6.173687533528122,0.9979207934089942
554999,11.19,12,666,196297,Contractual,0.1,175295,2,0,No,2.1957029781402673,0.8998629726985495
381593,17.32,24,435,184024,Salaried,0.28,1926663,3,1,Yes,4.440748025619847,0.9883501994210355
657274,11.04,12,678,115706,Unemployed,0.48,785786,2,2,No,3.8961657303856327,0.9800849930596874
201836,13.66,36,270,183735,Salaried,0.45,330515,3,1,Yes,6.171221732386318,0.997915670872193
158940,10.77,36,547,137019,Salaried,0.97,1116850,0,1,Yes,3.2684955334661616,0.9633320658856565
1053531,9.29,48,342,124708,Contractual,0.85,1942861,2,0,Yes,7.580228079460286,0.9994898156331857
874926,17.81,36,676,194001,Salaried,0.43,266278,2,0,No,2.180804709769537,0.8985124753570065
1364093,10.91,36,246,24343,Unemployed,0.6,1926436,3,1,Yes,23.181739959468153,0.9999999999144347
717521,16.73,60,469,91173,Unemployed,0.21,563889,2,2,Yes,6.060798750726641,0.9976728910402132
1720396,8.76,12,511,115260,Salaried,1.09,1908897,0,0,Yes,7.573865694950546,0.999486560967954
929090,8.56,72,792,185863,Salaried,1.13,277834,1,1,No,2.4183034959441456,0.9182124302205606
435777,6.37,72,203,175206,Salaried,1.18,1312629,4,0,Yes,7.957334606120795,0.9996500375272154
1723250,13.82,48,668,193173,Salaried,1.06,1401959,2,2,No,4.968561377625237,0.9930948685804616
601638,10.42,48,450,84443,Salaried,0.29,1390752,2,0,Yes,5.78510138594476,0.9969364155900299
1715872,16.37,72,410,72530,Salaried,0.15,536350,1,1,Yes,10.7930565513121,0.9999794587827486
1979305,11.68,24,779,192871,Salaried,0.74,337530,2,1,No,3.9113643454260445,0.9803794911869625
599639,17.62,12,441,150899,Salaried,1.1,1797173,1,3,Yes,5.653799815329017,0.9965080601499735
662956,8.23,24,346,111143,Unemployed,0.3,1738667,2,0,Yes,6.663634289458925,0.9987251286076332
688873,16.42,60,874,159771,Self-Employed,0.11,1184801,1,1,No,0.32915484662423083,0.5815537238082952
1436073,15.32,12,665,129527,Self-Employed,0.99,1190129,2,0,No,4.695449895903299,0.9909459686201578
1306445,15.25,48,368,151385,Salaried,0.18,1147846,1,1,Yes,6.810151704814436,0.9988986885952249
115953,16.14,84,464,159670,Self-Employed,0.56,1901433,3,0,Yes,3.556861213753366,0.9722630574874047
1942466,15.13,72,595,126362,Salaried,0.85,718960,1,0,Yes,6.4408363141872815,0.9984074680621465
550328,13.51,48,502,43807,Self-Employed,0.36,609269,2,2,Yes,7.466934215231965,0.9994286483738042
1905366,7.57,12,360,191298,Unemployed,0.19,628758,1,0,Yes,7.533226134094449,0.9994652766247982
53267,6.39,60,613,74550,Salaried,0.95,1732141,0,0,No,2.431854124748491,0.9192243104139018
132745,17.05,48,460,18558,Self-Employed,0.79,88887,1,1,Yes,5.541060620756547,0.9960929603434441
1974596,13.4,24,630,65113,Self-Employed,1.19,1392262,2,1,Yes,11.457037324855762,0.9999894253179492
874945,15.56,12,827,67999,Contractual,0.48,835544,0,1,No,3.38544157021917,0.9672464373276196
207164,11.78,72,637,182415,Self-Employed,0.17,142012,2,1,No,2.3570355782145107,0.9134918305061167
585626,7.41,48,603,73219,Salaried,0.91,1894018,2,0,No,5.015983740559144,0.9934125763613091
181484,7.5,60,802,181258,Salaried,0.67,1780730,0,2,No,1.2233740524556158,0.7726567748681499
581831,14.23,72,637,183038,Salaried,0.33,286629,1,2,No,3.029789958005077,0.9539019376600824
942323,11.16,48,849,179841,Self-Employed,0.96,613587,2,0,No,1.435926868734048,0.8078231111519659
1159268,8.41,48,574,68218,Salaried,0.32,517537,0,1,Yes,7.68524048882504,0.9995406508416524
1318732,11.9,36,303,34229,Contractual,0.39,1940592,4,0,Yes,16.99235723119772,0.9999999582830066
1322568,6.77,36,585,90209,Salaried,0.2,394283,4,1,Yes,7.764179396364738,0.9995755023058651
566771,12.98,36,618,42877,Salaried,0.54,807039,1,0,No,5.619892957374194,0.996388064251437
880857,9.23,60,888,112137,Salaried,0.56,240491,2,2,No,2.6313891534462313,0.9328546139922926
613044,15.57,48,637,53084,Self-Employed,0.67,1634461,3,2,No,5.965069361766257,0.9974397053758389
593176,9.72,72,534,96780,Salaried,0.88,257808,4,2,Yes,6.140735275883446,0.9978512871714212
741095,11.46,36,481,162878,Salaried,1.1,1909562,3,2,Yes,5.940000184186936,0.9973748802255833
883727,6.14,48,789,52034,Salaried,0.25,1816418,1,2,Yes,6.293426925984292,0.9981549956328406
1084978,6.87,48,227,186389,Salaried,0.16,1850195,3,1,Yes,8.46781228237718,0.9997899200497863
1212928,10.71,48,808,70468,Salaried,0.12,758271,1,0,No,4.93923956973378,0.9928908607142918
919474,11.76,60,689,165166,Self-Employed,0.26,790417,1,0,No,2.604090696632479,0.9311243863647504
135999,13.2,24,594,25589,Salaried,0.82,1746988,1,0,Yes,3.582423385048263,0.9729441487466756
1116531,9.5,48,508,72221,Salaried,0.9,150635,3,0,Yes,8.226309822166222,0.9997325498350143
1922849,14.34,24,650,16657,Self-Employed,0.97,702682,0,3,Yes,37.024368193552256,1.0
120640,16.32,36,651,113300,Unemployed,0.37,1020346,3,2,No,2.497435127978817,0.9239618171967549
246582,15.36,36,486,132229,Self-Employed,0.44,716605,0,0,Yes,3.0954430873711516,0.956704385037526
1842662,6.48,48,744,54531,Salaried,0.63,1886522,2,2,Yes,12.109327391758818,0.9999944921317637
450573,11.77,84,869,67227,Contractual,0.17,1329328,0,1,No,1.3078454118137057,0.7871523919659542
1524271,7.26,48,662,18164,Unemployed,0.77,1022179,0,0,Yes,26.75814314027747,0.9999999999976061
111476,8.9,60,422,108078,Self-Employed,1.18,984766,0,1,Yes,4.7197654101667315,0.9911615446901643
1405531,17.84,48,487,56247,Salaried,0.5,1009622,1,0,Yes,10.039898483474673,0.9999563777015813
1265856,7.71,48,501,165673,Salaried,0.93,1906335,1,3,Yes,6.9117069377629425,0.9990049350018515
725510,11.99,12,378,65599,Self-Employed,0.65,712585,3,0,Yes,7.898765009121075,0.9996289360513684
1694044,13.42,36,848,150624,Salaried,0.24,1515786,1,1,No,2.971718610579987,0.9512799901677254
748646,14.43,36,634,155489,Salaried,0.74,252773,0,1,No,3.0979352976737906,0.9568074977247958
687144,12.72,36,295,83207,Self-Employed,0.43,279365,3,4,Yes,9.33947425096446,0.9999121220934775
1953458,6.12,12,829,87055,Self-Employed,0.14,834938,2,2,Yes,7.687806329332032,0.9995418274082333
464568,9.92,24,362,117266,Salaried,0.8,807400,1,2,Yes,6.5618312781766805,0.9985886993819536
1284717,12.21,36,811,93270,Self-Employed,1.04,389821,1,1,No,4.520751527822451,0.9892362750661783
948320,7.05,84,284,126426,Salaried,0.48,213678,3,2,Yes,8.914796616202365,0.9998656323680871
684736,10.21,36,357,149794,Salaried,0.53,1469729,3,0,Yes,6.262521994650431,0.9980971958481386
1637261,6.4,36,504,85442,Self-Employed,1.08,1504227,1,0,Yes,9.307341791312625,0.9999092527640077
1276607,6.94,24,513,110632,Salaried,0.99,180580,2,1,Yes,7.449432701810206,0.9994185667048057
1018021,10.76,48,341,186103,Salaried,0.89,1834640,3,3,Yes,7.990393928810032,0.9996614140461342
1217756,7.59,36,290,36438,Unemployed,0.37,1568487,2,3,Yes,16.741483863000163,0.9999999463875178
116234,12.81,24,872,73819,Salaried,1.1,172903,1,2,No,0.6248743209742749,0.6513263234589499
1662818,14.27,48,387,58856,Salaried,0.27,1484725,2,1,Yes,12.824526550677358,0.9999973061232869
228352,15.61,12,506,179648,Unemployed,0.79,440523,1,1,Yes,3.4364990499940626,0.968825952729251
1178035,8.4,12,428,56938,Self-Employed,0.13,1752276,2,0,Yes,10.178935614176824,0.9999620398478114
459995,8.01,24,215,195100,Self-Employed,0.81,102951,4,0,Yes,7.513821886212198,0.9994548051093907
245004,7.25,12,420,74807,Contractual,0.4,894738,1,0,Yes,5.038377747626114,0.9935575158402529
516152,13.64,24,439,64877,Salaried,0.59,305745,0,3,Yes,6.796089810975642,0.9988831100929904
1823832,14.48,36,337,58461,Self-Employed,0.48,1779892,1,2,Yes,14.474557431450027,0.9999994826560735
1157739,6.38,60,407,108474,Salaried,0.29,72178,4,2,Yes,8.816222265243287,0.999851714421918
1574429,17.23,48,320,186541,Self-Employed,0.78,216383,2,2,Yes,7.908203591525008,0.9996324206111237
101934,6.62,48,541,98136,Salaried,1.07,1208402,0,0,Yes,3.277943751528491,0.9636643519325628
1818831,12.5,36,754,35435,Self-Employed,1.15,960814,1,0,Yes,15.976930765250927,0.9999998848385615
475523,14.51,72,602,160263,Salaried,0.31,69893,0,0,No,2.284975786675652,0.9076250727951326
890530,16.45,36,664,99726,Salaried,0.89,348943,3,1,No,4.524096935603554,0.9892718382845215
1552713,14.57,12,894,173458,Self-Employed,0.83,513223,1,0,No,1.5632897550607827,0.8268249047187353
55486,15.62,48,368,177793,Self-Employed,0.48,1883375,2,1,Yes,4.60395794172624,0.9900871192553713
1237983,10.07,24,428,69786,Self-Employed,0.12,1323921,2,0,Yes,9.150744604935088,0.9998938705242651
923332,15.78,36,362,28704,Salaried,0.86,920243,3,0,Yes,14.159209030100333,0.9999992908577808
1748884,6.96,48,439,71635,Salaried,1.14,1323951,2,1,Yes,12.110146018007956,0.9999944966387795
1089458,16.74,72,743,148195,Self-Employed,0.8,1305258,1,0,No,2.400454974864199,0.916861991034968
1725659,12.57,36,356,105710,Self-Employed,0.58,238886,4,0,Yes,9.821838946173493,0.9999457492205781
270184,15.81,60,611,77993,Self-Employed,0.68,435711,2,2,No,3.5837624979164797,0.9729793770128434
716490,11.43,84,834,127752,Contractual,0.32,1462960,2,1,No,1.8180333458575988,0.8603299767605561
1448228,13.72,24,576,171488,Self-Employed,0.93,425840,1,1,Yes,5.102187379486223,0.9939533590463538
1859891,12.32,36,276,147886,Salaried,0.92,1190283,4,2,Yes,10.454288853125608,0.9999711764465546
1741188,14.78,36,489,93537,Self-Employed,0.26,1582828,1,3,Yes,9.466822893614292,0.9999226291348493
372710,6.98,36,248,65258,Contractual,1.07,421001,3,0,Yes,8.179732456812447,0.9997198016168606
247775,6.72,36,452,162580,Self-Employed,0.4,1798982,2,1,Yes,4.8372056833558865,0.9921331975279011
339336,8.97,72,390,100166,Self-Employed,1.18,738157,1,4,Yes,7.140820907293893,0.9992085253408055
837494,7.91,60,843,128710,Self-Employed,0.52,1788726,1,2,No,2.570882125190998,0.9289639293423452
1706940,16.46,48,866,50699,Salaried,0.3,1780864,0,1,Yes,9.088769239366982,0.9998870857819637
1188356,8.63,36,688,61335,Salaried,0.49,12336,1,2,Yes,7.909286255808266,0.9996328182147992
1251193,17.71,60,847,61806,Salaried,0.58,863907,1,2,No,5.859329466394849,0.9971549611616297
595977,10.04,84,476,92853,Unemployed,0.18,1469204,1,0,Yes,5.100883396336145,0.9939455169544599
1896182,8.19,60,426,50739,Self-Employed,0.74,1130788,3,1,Yes,16.064887689942648,0.9999998945351163
1449181,15.48,12,377,49785,Salaried,0.76,861811,2,3,Yes,14.076636336245858,0.9999992298165522
962606,13.9,48,274,178052,Contractual,0.91,1094167,3,1,Yes,7.587562517317039,0.9994935419715932
939465,11.98,12,512,100016,Salaried,0.13,848182,0,0,Yes,5.251610795606036,0.9947882323052127
583636,12.66,36,436,147681,Salaried,0.7,1925656,1,1,Yes,5.150601397607005,0.9942374810601372
991218,14.63,12,305,81253,Self-Employed,0.16,882566,1,0,Yes,8.154580050377627,0.9997126666233005
88102,8.74,48,318,106128,Self-Employed,0.87,428670,5,2,Yes,6.9887112166440515,0.9990786154061503
124460,17.96,48,577,174213,Salaried,0.16,1671401,5,2,Yes,3.3116571782817585,0.9648265625792581
1463354,17.7,24,217,176081,Salaried,1.1,849104,3,0,Yes,8.388205967708043,0.9997725166426931
1188506,13.8,36,565,142581,Salaried,0.87,289372,3,0,Yes,5.148696446230563,0.9942265567168082
1629665,8.39,36,560,125966,Salaried,0.66,14429,2,2,Yes,7.546035403733282,0.9994720787665013
1726014,14.16,36,725,152854,Salaried,0.59,1132870,2,0,No,4.093573763198869,0.9835941238416893
1826203,6.87,24,295,114352,Salaried,0.24,1426297,2,5,Yes,12.264504092626277,0.9999952838077414
229208,6.37,36,764,172005,Salaried,0.42,1232663,0,1,No,1.2969364408011395,0.7853189395646428
1253273,9.09,60,375,92154,Salaried,1.06,874506,2,1,Yes,9.296430334006121,0.9999082572488752
263945,11.55,12,770,154379,Salaried,1.09,1379656,1,0,No,0.9864162645178425,0.7283794866295189
281915,16.42,12,713,123297,Salaried,0.1,1260555,2,2,No,1.927607930444374,0.8729844174907307
777952,14.73,36,756,53346,Contractual,0.75,843810,2,1,No,5.187440951524014,0.9944447490990173
258124,14.91,72,465,127138,Self-Employed,0.89,37310,4,1,Yes,4.772579897434285,0.9916124167762017
487477,11.11,48,366,65772,Salaried,0.78,626115,4,0,Yes,7.249652344462689,0.9992900830123452
575830,10.15,48,898,55149,Salaried,0.19,199899,2,1,No,2.6825716060128015,0.9359903675340093
1382397,10.45,36,857,101700,Salaried,0.34,428472,2,2,No,4.473033923303834,0.9887161404036704
1276380,17.85,48,417,173598,Salaried,0.38,207500,4,0,Yes,6.000251218332008,0.9975279963982752
1804279,6.48,12,794,111758,Salaried,1.01,99862,2,2,Yes,6.467355285527659,0.9984490806715984
89081,16.4,48,229,143447,Salaried,0.61,1020498,4,1,Yes,6.4736341970669775,0.9984587732868878
768216,12.94,72,700,20695,Salaried,0.64,301033,0,0,Yes,11.813921800757026,0.9999925992499259
405249,11.26,48,546,54169,Self-Employed,1.13,1362148,0,1,Yes,5.198025986572886,0.9945029199688373
1318506,14.7,72,540,62947,Salaried,0.8,372646,2,5,Yes,10.87888644415143,0.9999811482591598
855497,11.84,60,589,193296,Salaried,1.09,430423,2,3,Yes,4.987085071600033,0.9932207405901019
567313,16.48,24,485,60865,Self-Employed,0.6,574543,3,3,Yes,7.112919028450944,0.9991861489637379
1313108,16.81,72,201,171625,Salaried,0.26,367968,3,2,Yes,8.888475625151736,0.999862049217566
662380,11.06,12,433,119501,Salaried,1.12,1271179,4,1,Yes,6.559198079235041,0.9985849835150327
1617908,9.32,48,713,75410,Salaried,0.6,791841,1,2,Yes,8.269779428015738,0.9997439238090841
1415413,13.11,24,534,118754,Salaried,0.3,1091014,2,0,Yes,6.163159767249946,0.9978988346155035
1387682,16.95,12,715,105895,Self-Employed,0.43,241482,1,1,No,4.64079609518863,0.9904422204491782
1126871,8.53,36,798,170888,Salaried,0.16,765598,1,0,No,2.051429037342197,0.8860919353718725
1112383,13.48,36,250,65705,Salaried,0.62,785372,5,1,Yes,11.603654567130862,0.9999908674326151
1534140,13.58,36,533,130700,Salaried,1.04,794301,1,2,Yes,6.975695230808467,0.9990665555567192
207504,14.8,48,622,88914,Salaried,1.13,494476,3,1,No,3.1987948804462736,0.9607889012280991
1336643,7.58,12,192,16881,Contractual,1.13,712222,1,4,Yes,31.954429654641313,0.9999999999999867
1583584,14.59,24,505,185639,Self-Employed,0.24,481153,0,0,Yes,4.88930133125762,0.9925295483994299
742440,16.91,48,546,62365,Salaried,0.52,1860966,1,1,Yes,6.01025961409979,0.9975525535431022
444540,8.16,36,858,94211,Salaried,0.13,1255950,0,2,No,1.5075671842990734,0.8187003837925931
1976275,8.85,60,426,171078,Salaried,1.04,1985848,1,1,Yes,7.984068337249676,0.9996592662335197
567923,17.66,48,278,56198,Contractual,0.49,1800266,3,1,Yes,8.47605866163683,0.9997916449658456
1265557,8.17,60,417,168903,Salaried,0.79,1730081,2,1,Yes,7.013007735208967,0.9991007121877519
794699,16.25,48,681,115649,Salaried,0.89,337766,1,0,No,2.953327163803117,0.9504205041187216
69870,11.91,36,461,162531,Salaried,0.57,1550531,3,1,Yes,4.2544661664543995,0.9859981659023872
1002082,8.97,48,606,178515,Salaried,0.44,1599306,3,2,No,4.952529913452651,0.9929840600352152
1301772,16.45,36,662,188388,Salaried,1.16,81948,0,2,No,3.846184056309319,0.9790856593500019
298683,11.34,36,808,151949,Salaried,1.16,254657,2,1,No,1.328703782190077,0.7906261443314907
1333253,12.18,60,436,54553,Salaried,0.42,1336316,1,1,Yes,11.22487725697945,0.9999866619618712
76790,10.31,36,474,150994,Salaried,0.63,1648655,2,1,Yes,4.105402309584045,0.9837839099922634
1741738,13.12,60,588,137778,Salaried,1.17,1615270,0,1,Yes,6.187154582008739,0.9979485494274378
861721,7.96,60,605,132018,Contractual,0.11,1089100,3,2,No,5.188856458967716,0.994452563443821
498345,10.69,72,318,150758,Salaried,0.55,154404,2,0,Yes,6.04084538355068,0.997626102365984
799074,17.63,72,342,47766,Salaried,0.21,110160,4,1,Yes,9.913511891303438,0.9999505011633837
1586038,9.1,36,629,47006,Self-Employed,0.66,1195412,1,1,Yes,12.438021259697342,0.9999960350813678
1638349,13.88,36,345,46422,Salaried,0.13,1731499,4,1,Yes,15.733086984619364,0.9999998530373159
1929490,9.9,48,748,131590,Self-Employed,0.55,480891,1,0,No,5.01386769511361,0.9933987144296738
1184764,15.28,36,653,27205,Self-Employed,0.34,1216018,1,0,Yes,14.097515040127426,0.9999992457302651
579036,7.57,48,798,169599,Salaried,0.69,1840070,0,2,No,1.98941091338982,0.8796808010832979
1840705,17.64,60,282,164515,Contractual,1.2,568933,4,2,Yes,9.646602741391362,0.9999353593691339
1763371,11.45,48,254,162596,Salaried,0.98,384903,4,1,Yes,9.851365400542859,0.999947327553417
840141,8.83,36,538,131477,Salaried,1.03,1317964,2,1,Yes,5.513173443517371,0.9959829144195318
698249,6.88,24,504,43202,Salaried,0.8,1972452,2,0,Yes,8.455393577457835,0.9997872954202867
1128931,8.04,36,859,192214,Salaried,0.15,1809345,2,0,No,1.4619908019186947,0.8118369739219301
761131,12.24,24,732,76692,Self-Employed,0.33,781608,2,0,No,3.669354874041621,0.9751408220248146
501015,10.04,72,336,35855,Self-Employed,1.12,1134077,4,1,Yes,10.143342815971739,0.9999606644611895
1504908,15.95,36,490,40095,Self-Employed,0.5,1166026,0,3,Yes,14.930900673400672,0.9999996722127285
206542,11.17,24,379,184796,Unemployed,0.21,1768407,4,1,Yes,5.398469378846584,0.9954968704932979
1271992,8.98,12,581,64241,Self-Employed,0.87,1814469,1,0,Yes,8.429760998946673,0.9997817739812005
355062,13.41,48,316,118119,Self-Employed,0.43,1327676,1,0,Yes,5.496290567139918,0.9959147981370478
1937232,14.48,48,370,67003,Salaried,0.4,957977,2,1,Yes,13.227118089239784,0.9999981989124668
1662162,8.0,36,347,109837,Salaried,1.2,931398,3,0,Yes,9.983229725259552,0.9999538344122777
1600284,8.01,12,624,109283,Salaried,1.04,1540710,2,0,Yes,6.801545578909803,0.9988891802426391
916651,6.44,36,387,162044,Self-Employed,0.55,1249234,7,0,Yes,7.41037426048892,0.9993954214908568
1160205,14.84,36,580,138805,Salaried,1.18,1589573,5,3,Yes,6.6428906979815805,0.9986984417831644
1426760,13.97,48,306,108846,Salaried,0.82,736618,2,0,Yes,8.93625161236977,0.9998684841441585
1591310,11.7,48,480,37927,Salaried,0.92,380572,3,1,Yes,16.680154270045087,0.9999999429965661
805195,16.13,36,402,135589,Salaried,0.13,1325930,2,1,Yes,5.769382721558043,0.996888030716599
340160,15.67,24,492,130657,Salaried,0.23,888513,2,1,Yes,3.94720403932944,0.9810571476993483
1646824,13.02,84,873,81630,Salaried,0.8,169746,2,1,No,5.857274898934216,0.9971491265098977
1918599,16.42,36,828,119428,Self-Employed,1.09,1567043,2,1,No,4.907136975137042,0.9926606383034465
263920,8.47,48,470,137035,Salaried,0.79,100025,2,2,Yes,5.187946066090172,0.9944475388521163
1988341,7.34,24,836,198419,Self-Employed,0.25,1459525,1,0,No,2.834609446003995,0.9445176512711599
1341380,9.24,36,550,141244,Salaried,0.23,1199728,0,1,Yes,5.571069694995894,0.9962080272299969
1475541,6.69,12,545,84518,Salaried,1.03,1543992,5,1,Yes,9.541991421945621,0.9999282313777282
1559433,12.37,48,341,191355,Salaried,0.25,184484,5,1,Yes,8.003993820386194,0.9996659860802979
1921403,17.24,84,840,96326,Salaried,0.67,1959484,1,1,No,5.515396826055963,0.9959918002561918
1603068,6.47,36,715,158277,Salaried,0.14,190043,2,0,No,4.305306390062991,0.9866829867554284
703983,7.47,12,679,135243,Salaried,0.19,846278,0,0,No,2.72509579423704,0.9384913482923092
1514492,11.43,12,443,27748,Salaried,0.84,1114056,1,1,Yes,20.427566599394545,0.9999999986559343
871052,17.21,36,324,167169,Salaried,0.86,767128,2,1,Yes,6.53301550227614,0.9985474999839568
1857150,9.79,24,372,149164,Salaried,0.48,315104,0,0,Yes,7.891283719038553,0.9996261506459276
178148,12.09,12,392,68311,Self-Employed,0.34,234622,2,1,Yes,5.290868871777606,0.9949878665095663
1905567,6.5,60,541,37692,Self-Employed,1.0,434368,4,4,Yes,20.51521489971347,0.999999998768724
1584837,7.78,36,540,139954,Salaried,0.34,1469042,3,0,Yes,6.584862173761854,0.9986207871465546
1454116,17.84,36,457,169934,Unemployed,0.7,1920773,3,2,Yes,6.690417024648785,0.9987587781448422
1291290,17.58,72,531,145035,Salaried,1.17,1690129,5,0,Yes,5.86398976109215,0.9971681515748788
781899,6.06,24,538,94507,Self-Employed,0.26,1883145,3,0,Yes,5.8010351931602955,0.9969846972856063
333876,17.42,84,420,95152,Self-Employed,1.13,737371,6,1,Yes,5.952994338882349,0.9974086829505155
309747,13.67,36,498,19926,Self-Employed,0.3,1167498,1,1,Yes,7.764293134598012,0.9995755505642454
665650,16.42,72,436,18969,Salaried,0.72,516576,4,1,Yes,14.787106173230008,0.9999996215214935
473570,11.46,48,638,50733,Salaried,0.51,1694144,0,1,No,4.569366625273491,0.9897417990862021
325987,12.19,60,728,84855,Salaried,1.16,1488204,2,2,No,3.020675063343351,0.9534994657669282
1077512,11.87,84,280,56743,Salaried,0.4,1354596,4,1,Yes,11.767634700902903,0.9999922486415981
688353,14.0,36,841,145193,Salaried,0.54,880979,2,0,No,0.9616188429653402,0.7234458073560076
908158,7.68,84,254,185948,Salaried,1.18,729024,3,1,Yes,8.257180588121411,0.9997406779788819
67640,6.36,36,531,122445,Salaried,0.69,836659,0,1,Yes,3.501723386010045,0.9707367650355732
102528,9.7,36,734,35323,Salaried,0.65,1736386,0,1,No,1.8824420821183554,0.8678913773093021
1923421,14.46,36,683,31428,Self-Employed,0.38,1133009,2,0,Yes,19.37726155021,0.9999999961579569
309214,8.42,48,578,49578,Contractual,0.87,73704,5,2,Yes,6.037409213764169,0.9976179506840478
1937646,14.08,24,493,101486,Contractual,0.12,531149,1,0,Yes,8.372489223472531,0.9997689139338836
1020240,17.64,48,833,79140,Salaried,0.15,238366,1,1,No,3.2274753601213035,0.9618552324672327
551108,7.13,48,817,122325,Self-Employed,0.76,324058,2,0,No,1.7914164111996729,0.8571008448903814
684421,14.07,60,484,98829,Contractual,0.48,1112464,2,0,Yes,5.157091597607991,0.9942745464182712
1467077,11.33,60,591,21364,Salaried,1.15,865718,1,2,Yes,23.70698948386694,0.999999999949396
1822802,16.42,36,634,143867,Salaried,1.09,585581,0,0,No,5.028681492860304,0.993495152359633
1248735,8.13,36,260,181421,Contractual,0.89,213596,3,3,Yes,9.443423575550792,0.9999207975069061
1271078,14.31,36,348,146763,Salaried,1.0,68515,1,1,Yes,7.425725710839926,0.999404626287803
205576,16.06,24,381,110598,Salaried,0.83,416740,1,1,Yes,4.841297003562452,0.9921650657277354
974618,17.34,12,632,191968,Salaried,0.24,269209,1,1,No,2.9540944740790134,0.9504566483360711
915291,14.2,36,856,72062,Salaried,0.94,1741620,2,1,No,3.74309796194018,0.9768671721882376
936089,11.97,36,634,159933,Self-Employed,0.33,1661584,2,2,No,4.250402159029093,0.9859419481404865
978479,13.41,84,831,103302,Self-Employed,0.46,1213013,2,1,No,2.8981071324853342,0.9477527863638838
1109599,16.43,48,520,78928,Salaried,1.0,1893884,0,2,Yes,7.34834422933982,0.9993567568008572
595735,12.85,36,436,56347,Salaried,0.69,941208,3,1,Yes,7.516950435101544,0.9994565071873361
438043,6.36,48,228,18121,Salaried,1.05,188929,4,0,Yes,14.161967330721264,0.9999992928111118
1384679,17.17,24,505,98793,Salaried,0.33,1185270,1,1,Yes,6.955955467492636,0.999047964236075
116203,14.27,36,259,43164,Salaried,0.77,870229,5,2,Yes,7.636471643035863,0.9995177047379714
955588,14.12,48,358,40491,Contractual,0.19,241540,2,1,Yes,11.699336296954879,0.9999917007432573
210775,8.59,36,873,74222,Salaried,0.81,1017507,1,2,No,1.2301040976170587,0.773836793267786
1107913,13.91,36,644,169237,Salaried,0.94,1664005,3,0,No,3.8407886149797816,0.9789748912166931
620715,10.73,84,871,18748,Self-Employed,0.74,1012211,2,0,Yes,9.524332799943105,0.999926952880302
1613299,13.81,72,421,41553,Salaried,0.39,246476,1,2,Yes,15.942693921016534,0.999999880827527
1422249,7.28,48,778,131547,Self-Employed,0.13,1029237,2,0,No,3.8088485788349407,0.9783073115426074
414167,13.89,48,395,75380,Self-Employed,0.23,996836,1,2,Yes,6.132816529583444,0.9978342415092186
1445385,17.99,48,467,59331,Self-Employed,0.78,1413110,4,1,Yes,11.15124714735973,0.9999856428359675
1728651,6.58,24,415,135617,Salaried,1.13,1407576,3,2,Yes,9.477636375478983,0.9999234612123251
737281,17.73,36,271,54560,Salaried,0.33,1901209,3,2,Yes,9.898464442815248,0.9999497507377808
1394027,10.88,12,410,68865,Salaried,0.91,425910,5,1,Yes,11.33020198939955,0.9999879953201194
470571,16.45,36,860,192758,Salaried,1.05,1924774,1,1,No,0.28154249542604365,0.5699243466052029
1225592,15.39,48,445,90910,Self-Employed,0.67,22995,3,1,Yes,8.079913155868441,0.9996903979534143
841267,12.8,24,304,150747,Self-Employed,0.84,878752,3,0,Yes,7.003529834756247,0.9990921560823625
1643023,14.86,84,519,92986,Self-Employed,1.0,1653005,5,1,Yes,9.172538840972477,0.9998961582744849
547562,16.54,72,616,25068,Contractual,0.39,1712355,2,1,Yes,8.470586724110419,0.999790501974629
1801541,10.85,60,803,69460,Self-Employed,0.43,441168,0,2,Yes,8.318747528553603,0.999756158321034
433934,9.92,48,347,115766,Salaried,0.1,1040532,2,0,Yes,5.767844847940386,0.9968832561468987
1990624,14.01,72,558,61418,Salaried,1.16,689197,4,3,Yes,13.939825409489075,0.9999991168990285
1963760,15.69,24,435,41206,Self-Employed,1.11,1119375,1,0,Yes,17.783641193030142,0.9999999810912529
367428,15.15,60,387,143180,Salaried,0.94,1752813,4,1,Yes,5.713358918843414,0.996709300243449
1417763,15.57,24,549,15287,Salaried,0.19,499471,2,1,Yes,30.41141489500883,0.999999999999938
1092892,11.23,60,613,37337,Salaried,0.59,1880695,1,2,Yes,11.451472074171287,0.9999893663037562
740907,15.81,36,667,166738,Self-Employed,0.21,755027,2,2,No,3.1295620494428382,0.9580958135315464
1982015,7.44,72,509,147233,Salaried,0.12,1085852,2,3,Yes,8.476527368185122,0.9997917425799987
132844,12.53,72,779,115667,Self-Employed,0.78,1607387,2,1,No,1.1223845017737701,0.7544307491231336
1650396,6.07,24,449,105071,Self-Employed,1.16,1245703,3,1,Yes,9.680397443950598,0.9999375072456697
1263997,9.9,36,591,113064,Salaried,1.09,316759,4,2,Yes,7.154844725111441,0.9992195387688543
172402,10.4,84,654,184823,Salaried,0.87,489858,2,0,No,2.121171881565967,0.8929440071373803
1216588,10.75,36,784,121511,Salaried,0.21,1551832,0,1,No,3.2518157190158363,0.9627383031765918
488661,14.35,72,510,160830,Self-Employed,0.4,10514,2,1,Yes,4.075677578809923,0.9833028247945372
448929,10.66,48,343,18178,Self-Employed,0.45,47456,2,2,Yes,12.970551032383467,0.999997672121826
630466,11.38,36,840,46831,Contractual,0.94,7233,1,1,No,4.166440128689686,0.984729439958282
623695,8.85,36,870,148248,Salaried,0.98,1311822,1,2,No,1.7166316982353893,0.8476944688810351
513556,10.48,24,882,118306,Salaried,0.52,1114709,1,0,No,0.5169404313108941,0.6264320589605613
625278,8.73,60,391,179726,Salaried,0.56,833147,1,1,Yes,5.7302187719083495,0.9967641378538737
1043176,6.88,36,564,172699,Self-Employed,0.15,1526985,2,1,Yes,4.958795283508688,0.9930275745456698
1228049,13.24,48,519,198622,Salaried,0.42,896977,1,0,Yes,4.429520106869665,0.9882202088426596
1033049,14.02,36,741,127025,Salaried,0.6,628373,2,1,No,3.4014596208095518,0.9677501209256042
528007,13.43,48,550,190982,Salaried,0.23,633389,4,1,Yes,4.002241863980201,0.9820533446630964
894573,11.56,72,433,105417,Salaried,0.6,1448048,4,0,Yes,6.792479011924073,0.9988790744669822
1515585,10.56,84,875,181494,Salaried,1.04,1157260,2,2,No,2.9911819894872558,0.9521741649845894
1417290,16.36,36,789,26984,Salaried,0.74,1375520,2,0,Yes,15.699670817274432,0.9999998480434131
1324732,12.23,60,784,104312,Salaried,0.19,1570692,2,2,No,4.726745903315694,0.9912224869715889
1267540,11.75,60,769,98291,Salaried,0.31,619225,0,2,No,4.623570043713735,0.9902777659583698
575303,6.31,48,873,22135,Self-Employed,0.62,1614412,1,1,Yes,7.889361155033506,0.9996254314747323
1160389,10.09,84,744,15320,Self-Employed,0.5,1257848,0,0,Yes,23.142188859878154,0.9999999999109825
77712,10.56,24,568,167756,Salaried,0.49,1484159,1,1,Yes,2.874973270702687,0.9465953189802673
1723361,10.79,24,566,103774,Self-Employed,0.68,1963853,1,1,Yes,7.7948933869113,0.9995883368478196
1865790,12.96,72,233,167961,Salaried,0.74,1686679,3,2,Yes,10.11854148284423,0.9999596767288157
162816,12.4,36,827,113071,Salaried,0.98,1269570,2,1,No,0.8206501106974082,0.6943743231360522
1227354,13.29,60,819,194971,Contractual,0.48,987886,2,1,No,2.083017779567218,0.8892416066477408
1685156,15.18,72,277,156842,Self-Employed,0.99,127602,3,0,Yes,8.684287129722906,0.9998308046070229
335977,15.76,12,339,185393,Self-Employed,0.47,1699134,1,1,Yes,5.128339297240637,0.9941085209425722
185230,14.62,72,421,124863,Salaried,0.16,1961328,6,1,Yes,5.180706430247552,0.9944074208199881
1816616,17.47,36,685,56777,Salaried,0.71,1992285,2,2,Yes,11.276856276896163,0.9999873375411662
856741,6.22,48,362,61250,Contractual,0.75,812002,4,3,Yes,10.85794911564626,0.9999807494007227
319114,8.35,48,694,88034,Salaried,1.13,1472047,2,0,No,2.8036351447546783,0.9428719446591965
1433194,6.09,72,506,119940,Salaried,0.9,1594046,0,0,Yes,6.877277388694347,0.9989701146614457
1054208,13.77,12,421,55130,Self-Employed,1.11,1350093,3,0,Yes,9.923166062035188,0.9999509767109743
1931548,16.78,36,892,195418,Self-Employed,1.1,1353739,1,2,No,2.5869226819774362,0.9300151887719164
201456,8.92,48,813,148609,Contractual,0.77,193691,1,2,No,1.3413499765604149,0.7927118569337963
1903025,17.12,60,477,30216,Salaried,0.68,278187,2,0,Yes,21.86954500926661,0.9999999996821829
912312,6.72,48,497,99149,Contractual,0.71,1487324,1,3,Yes,7.414427235776458,0.9993978654012786
1204146,17.21,24,441,18009,Salaried,1.18,232362,3,0,Yes,23.786903798100955,0.9999999999532825
320846,10.22,36,617,104904,Salaried,0.95,197008,2,0,No,3.175875085792725,0.9599162523083876
50404,7.22,36,433,175399,Self-Employed,0.22,281383,4,2,Yes,5.342543630997516,0.9952390874303978
1008447,11.83,60,683,160281,Salaried,0.96,1190064,0,2,No,3.7556898291126206,0.9771500173035795
753286,9.08,36,361,194515,Salaried,0.29,1707348,2,1,Yes,6.2111244548406725,0.9979970404615668
1373483,9.42,24,804,30029,Self-Employed,0.59,868408,2,1,Yes,14.432565819707616,0.9999994604694133
1772320,9.69,84,538,117171,Salaried,0.33,548694,2,1,Yes,7.782278119159177,0.9995831128903958
765460,15.64,12,318,129456,Salaried,0.86,1312595,3,2,Yes,7.5345357804968485,0.9994659760912399
934574,12.47,84,367,77559,Salaried,1.07,1561023,3,2,Yes,9.233787110457845,0.9999023269409065
1763796,9.74,48,360,79892,Salaried,0.42,495288,0,2,Yes,11.679509621322119,0.9999915345559519
285365,13.32,60,428,85409,Salaried,0.19,1447544,2,1,Yes,4.988347527778104,0.9932292357967784
392786,14.59,36,324,154707,Self-Employed,0.43,479969,2,3,Yes,6.577837437866418,0.9986110779348368
